Date,4755,4689,4385,4443,4751,3697
2023-07-27,540.0,395.0,3596.0,1523.5,923.8,32690.0
2023-07-28,549.0,391.3,3617.0,1443.0,896.5,32350.0
2023-07-31,555.1,395.8,3596.0,1504.5,897.9,33600.0
2023-08-01,560.0,400.3,3600.0,1546.0,913.0,33830.0
2023-08-02,563.9,397.5,3614.0,1486.5,904.1,32360.0
2023-08-03,543.0,381.5,3480.0,1442.0,887.9,31850.0
2023-08-04,560.6,427.8,3649.0,1419.5,933.5,32800.0
2023-08-07,564.2,440.0,3641.0,1441.0,921.6,32750.0
2023-08-08,558.7,422.0,3542.0,1377.0,896.9,32130.0
2023-08-09,565.5,412.9,3542.0,1381.0,915.9,32020.0
2023-08-10,561.3,413.4,3571.0,1360.5,911.6,30960.0
2023-08-14,581.2,413.3,3300.0,1337.0,917.2,31140.0
2023-08-15,574.0,417.7,3174.0,1364.5,903.5,31590.0
2023-08-16,560.3,419.4,3255.0,1318.0,907.7,30860.0
2023-08-17,535.5,409.4,3278.0,1332.5,872.1,30060.0
2023-08-18,535.0,404.6,3185.0,1303.5,879.7,30000.0
2023-08-21,539.0,400.0,3174.0,1305.0,893.3,29925.0
2023-08-22,553.6,402.0,3100.0,1319.0,891.1,29995.0
2023-08-23,550.5,410.5,3112.0,1339.5,919.3,29985.0
2023-08-24,548.3,417.0,3136.0,1327.5,914.0,29890.0
2023-08-25,543.6,413.2,3145.0,1391.0,901.0,29905.0
2023-08-28,551.2,413.0,3199.0,1347.5,901.0,29965.0
2023-08-29,567.0,417.5,3254.0,1440.5,931.2,30130.0
2023-08-30,570.2,425.7,3272.0,1436.0,948.0,29695.0
2023-08-31,568.3,437.8,3318.0,1452.0,928.0,30000.0
2023-09-01,572.7,443.3,3217.0,1419.5,931.4,29890.0
2023-09-04,575.5,444.7,3209.0,1370.0,918.5,29070.0
2023-09-05,574.8,443.3,3204.0,1388.0,918.3,29405.0
2023-09-06,585.8,444.0,3241.0,1412.0,931.0,29435.0
2023-09-07,574.9,443.7,3153.0,1394.5,917.5,28720.0
2023-09-08,572.3,437.4,3155.0,1406.5,854.8,28555.0
2023-09-11,576.8,429.5,3045.0,1387.0,846.4,27780.0
2023-09-12,600.1,439.2,3086.0,1383.0,858.1,28125.0
2023-09-13,595.6,438.9,3018.0,1364.0,857.9,27545.0
2023-09-14,609.1,441.8,3097.0,1342.5,851.8,27635.0
2023-09-15,617.3,446.0,3148.0,1350.5,850.9,27830.0
2023-09-19,620.1,440.7,3186.0,1331.5,828.6,27025.0
2023-09-20,615.6,435.5,3146.0,1306.0,818.4,26275.0
2023-09-21,628.2,424.7,3110.0,1267.5,792.4,26370.0
2023-09-22,620.3,412.0,3180.0,1245.5,802.7,26470.0
2023-09-25,614.3,417.2,3160.0,1267.5,818.0,27165.0
2023-09-26,607.4,405.9,3120.0,1230.0,800.0,26435.0
2023-09-27,603.9,410.3,3237.0,1230.0,805.6,26465.0
2023-09-28,609.9,408.0,3213.0,1240.0,782.7,26905.0
2023-09-29,613.1,415.5,3226.0,1258.0,806.3,27310.0
2023-10-02,579.5,403.6,3208.0,1211.0,795.7,26530.0
2023-10-03,565.9,408.9,3116.0,1192.0,778.7,26505.0
2023-10-04,560.3,400.9,2929.5,1155.0,779.3,25755.0
2023-10-05,578.0,405.3,3007.0,1201.0,786.4,26560.0
2023-10-06,576.0,402.9,3062.0,1200.0,787.2,26050.0
2023-10-10,585.4,407.1,3180.0,1226.0,781.0,26940.0
2023-10-11,587.9,407.0,3240.0,1230.0,762.9,26930.0
2023-10-12,601.7,414.1,3326.0,1300.5,795.2,28045.0
2023-10-13,575.7,405.5,3216.0,1250.0,777.6,27420.0
2023-10-16,566.2,393.9,3029.0,1120.0,768.8,28705.0
2023-10-17,571.4,400.1,3116.0,1150.0,780.0,29270.0
2023-10-18,576.4,400.8,3078.0,1188.0,783.3,28315.0
2023-10-19,571.0,386.8,3045.0,1143.0,785.8,27965.0
2023-10-20,575.0,382.3,3054.0,1102.0,777.9,26420.0
2023-10-23,565.3,377.1,2969.5,1100.0,778.4,26310.0
2023-10-24,569.6,382.0,3029.0,1160.0,792.9,26595.0
2023-10-25,570.9,384.9,3097.0,1151.5,790.0,25665.0
2023-10-26,555.5,376.7,2958.5,1135.5,768.7,25050.0
2023-10-27,561.5,380.0,2964.0,1164.0,773.2,25950.0
2023-10-30,545.8,376.1,2938.5,1156.5,772.5,26180.0
2023-10-31,556.8,382.3,3001.0,1189.0,789.7,27150.0
2023-11-01,551.1,387.2,2997.0,1203.0,807.6,27030.0
2023-11-02,554.4,400.3,3197.0,1278.0,863.7,27965.0
2023-11-06,568.8,410.0,3294.0,1356.0,841.4,30150.0
2023-11-07,563.1,408.2,3239.0,1344.0,834.6,31210.0
2023-11-08,548.6,431.6,3232.0,1377.0,820.9,31730.0
2023-11-09,550.6,451.2,3361.0,1400.0,816.7,32470.0
2023-11-10,554.0,443.0,3307.0,1353.0,810.7,32720.0
2023-11-13,552.5,441.4,3279.0,1364.0,800.8,32530.0
2023-11-14,540.4,429.8,3153.0,1354.0,809.7,32270.0
2023-11-15,562.1,434.6,3143.0,1406.0,855.6,33370.0
2023-11-16,554.5,428.6,3147.0,1407.0,831.9,33280.0
2023-11-17,553.0,421.6,3098.0,1395.0,819.6,33330.0
2023-11-20,562.0,428.0,3112.0,1454.0,819.7,33610.0
2023-11-21,584.4,436.7,3171.0,1475.0,846.9,34300.0
2023-11-22,576.0,436.0,3004.0,1444.0,888.8,34340.0
2023-11-24,577.9,446.4,2983.5,1473.0,925.4,33880.0
2023-11-27,579.2,438.4,2922.5,1460.0,889.9,33110.0
2023-11-28,589.7,431.3,2929.5,1470.0,902.2,32860.0
2023-11-29,602.8,431.6,2931.0,1515.0,898.5,34010.0
2023-11-30,585.7,430.6,2829.5,1546.0,894.6,34440.0
2023-12-01,560.0,430.4,2807.5,1554.0,866.8,33760.0
2023-12-04,565.0,435.0,2799.5,1597.0,836.1,34680.0
2023-12-05,567.0,425.8,2695.0,1568.0,858.7,33400.0
2023-12-06,585.0,436.2,2745.0,1573.0,860.3,33810.0
2023-12-07,583.2,433.8,2649.5,1531.0,822.0,33120.0
2023-12-08,579.6,453.0,2643.0,1485.0,816.4,32950.0
2023-12-11,589.6,466.4,2678.5,1522.0,820.0,33240.0
2023-12-12,579.4,464.9,2649.0,1496.0,821.7,32710.0
2023-12-13,577.6,470.0,2637.0,1503.0,811.0,33680.0
2023-12-14,574.1,474.0,2617.5,1553.0,812.8,33630.0
2023-12-15,590.8,482.4,2670.0,1611.0,802.1,34290.0
2023-12-18,581.1,475.0,2589.5,1617.0,840.2,34480.0
2023-12-19,577.5,480.2,2582.0,1636.0,865.4,35740.0
2023-12-20,576.6,478.3,2659.5,1616.0,864.5,35280.0
2023-12-21,578.8,477.2,2561.0,1607.0,866.4,35220.0
2023-12-22,578.8,481.4,2536.0,1606.0,843.7,34830.0
2023-12-25,569.6,473.2,2526.5,1610.0,836.0,34720.0
2023-12-26,565.4,484.9,2528.0,1589.0,827.0,35460.0
2023-12-27,578.6,494.2,2559.5,1604.0,848.8,36000.0
2023-12-28,584.0,497.3,2599.5,1607.0,856.6,35680.0
2023-12-29,628.0,499.7,2612.5,1599.0,885.1,35820.0
2024-01-04,625.1,495.1,2541.0,1571.0,890.7,34800.0
2024-01-05,648.2,483.3,2456.0,1470.0,888.6,33760.0
2024-01-09,671.9,481.0,2471.5,1476.0,915.0,34150.0
2024-01-10,659.8,480.3,2496.5,1495.0,904.8,35190.0
2024-01-11,643.7,485.9,2528.5,1485.0,924.9,35210.0
2024-01-12,654.2,475.0,2529.5,1496.0,914.8,35090.0
2024-01-15,651.4,485.1,2535.0,1430.0,892.3,28090.0
2024-01-16,645.9,480.0,2518.0,1430.0,878.7,26640.0
2024-01-17,648.3,479.0,2456.0,1339.0,909.2,25930.0
2024-01-18,652.3,476.8,2383.0,1289.0,910.0,25450.0
2024-01-19,651.2,480.2,2412.0,1340.0,919.8,25585.0
2024-01-22,658.6,480.0,2463.0,1405.0,933.8,28020.0
2024-01-23,654.5,483.3,2449.0,1412.0,930.1,27415.0
2024-01-24,661.1,480.3,2472.5,1399.0,930.0,27465.0
2024-01-25,661.5,472.2,2453.5,1385.0,948.8,26740.0
2024-01-26,684.7,467.9,2451.5,1386.0,951.3,26600.0
2024-01-29,654.7,471.2,2446.5,1382.0,941.0,26230.0
2024-01-30,651.2,464.4,2427.0,1400.0,951.1,26885.0
2024-01-31,650.5,462.0,2464.0,1391.0,956.5,26865.0
2024-02-01,624.2,460.6,2366.5,1400.0,994.5,26455.0
2024-02-02,632.0,463.0,2402.5,1392.0,1021.0,27555.0
2024-02-05,649.3,465.1,2468.0,1481.0,1054.0,28005.0
2024-02-06,643.2,467.0,2442.5,1427.0,1034.0,27470.0
2024-02-07,635.0,433.3,2437.5,1409.0,1023.0,27485.0
2024-02-08,619.0,438.2,2378.5,1432.0,1014.5,26850.0
2024-02-09,617.5,438.1,2435.0,1490.0,1010.0,27370.0
2024-02-13,641.7,443.7,2435.5,1447.0,1038.0,27265.0
2024-02-14,631.3,434.3,2120.5,1377.0,1030.0,27040.0
2024-02-15,731.2,417.6,2043.5,1390.0,1044.5,26865.0
2024-02-16,778.7,423.7,2126.5,1506.0,1078.0,27085.0
2024-02-19,792.5,423.2,2192.0,1512.0,1069.5,26900.0
2024-02-20,749.7,422.7,2144.5,1514.0,1052.0,26635.0
2024-02-21,767.3,423.2,2121.5,1493.0,1053.5,26220.0
2024-02-22,763.2,419.8,2089.0,1531.0,1029.0,26005.0
2024-02-26,788.0,420.8,2119.0,1647.0,1030.0,26270.0
2024-02-27,771.7,414.9,2055.5,1687.0,1012.5,27660.0
2024-02-28,788.6,414.8,2077.5,1773.0,1068.0,28160.0
2024-02-29,820.0,412.9,2041.5,1781.0,1050.5,27580.0
2024-03-01,821.1,402.0,2114.0,1806.0,1042.0,27780.0
2024-03-04,830.1,391.7,2084.5,1804.0,1074.0,27150.0
2024-03-05,822.2,390.3,2018.5,1762.0,1043.0,26560.0
2024-03-06,819.2,388.5,2034.0,1748.0,1049.0,27055.0
2024-03-07,838.6,386.1,1987.0,1729.0,1069.0,26655.0
2024-03-08,825.4,386.7,1982.5,1686.0,1045.0,26250.0
2024-03-11,826.9,377.6,1985.5,1726.0,1037.5,26105.0
2024-03-12,818.3,388.4,2014.0,1762.0,1054.0,25960.0
2024-03-13,806.7,393.0,1973.0,1750.0,1037.0,25745.0
2024-03-14,800.7,396.3,1987.0,1739.0,1046.0,25560.0
2024-03-15,770.0,399.2,1955.5,1727.0,1034.0,24540.0
2024-03-18,827.2,394.0,1978.0,1755.0,1063.0,25425.0
2024-03-19,850.2,395.6,1980.0,1800.0,1079.5,24900.0
2024-03-21,873.1,398.5,1995.0,1784.0,1107.0,25150.0
2024-03-22,866.4,398.1,1992.5,1791.0,1111.0,24805.0
2024-03-25,882.8,391.3,1962.0,1756.0,1107.0,24015.0
2024-03-26,879.1,391.0,1960.5,1730.0,1111.5,24375.0
2024-03-27,865.8,392.0,1955.5,1739.0,1103.5,24410.0
2024-03-28,856.0,382.5,1928.5,1732.0,1098.0,24040.0
2024-03-29,849.8,387.6,1967.0,1757.0,1125.5,23715.0
2024-04-01,875.6,389.3,1915.0,1728.0,1090.5,23355.0
2024-04-02,841.8,379.0,1900.5,1691.0,1071.0,22385.0
2024-04-03,858.1,379.0,1863.0,1660.0,1050.0,22190.0
2024-04-04,858.2,375.7,1836.5,1720.0,1060.0,22000.0
2024-04-05,862.7,373.1,1822.5,1721.0,1052.0,21465.0
2024-04-08,886.3,375.4,1834.0,1732.0,1061.0,21520.0
2024-04-09,905.2,373.2,1894.0,1773.0,1092.0,21420.0
2024-04-10,892.1,367.7,1849.5,1743.0,1062.0,21355.0
2024-04-11,879.0,362.6,1794.0,1682.0,1061.0,20770.0
2024-04-12,874.0,363.0,1809.5,1535.0,1060.0,18615.0
2024-04-15,849.8,357.6,1745.5,1411.0,1047.0,16950.0
2024-04-16,809.8,358.8,1772.0,1445.0,981.0,17490.0
2024-04-17,800.3,339.7,1740.5,1380.0,1001.5,16660.0
2024-04-18,785.0,349.0,1745.5,1401.0,1009.5,16350.0
2024-04-19,743.9,347.5,1730.5,1373.0,1007.0,15350.0
2024-04-22,760.8,355.2,1777.5,1405.0,1032.0,16595.0
2024-04-23,757.1,356.8,1749.5,1400.0,1021.5,16005.0
2024-04-24,766.8,376.3,1808.5,1467.0,1035.0,15805.0
2024-04-25,737.8,374.0,1783.5,1447.0,976.5,14835.0
2024-04-26,737.8,378.8,1779.5,1472.0,1029.0,14680.0
2024-04-30,763.5,383.1,1842.5,1472.0,989.7,14680.0
2024-05-01,755.0,380.3,1806.5,1471.0,982.4,14475.0
2024-05-02,752.2,373.9,1766.5,1484.0,942.2,14125.0
2024-05-07,797.6,377.0,1803.0,1563.0,981.1,14365.0
2024-05-08,794.6,367.6,1782.5,1566.0,966.5,14090.0
2024-05-09,790.6,362.6,1758.0,1513.0,981.6,14895.0
2024-05-10,807.7,375.0,1918.0,1463.0,1002.5,14400.0
2024-05-13,804.5,373.0,1867.5,1525.0,1000.0,15395.0
2024-05-14,817.9,386.0,2000.0,1568.0,1028.5,16300.0
2024-05-15,792.1,385.0,1928.5,1590.0,1015.5,16395.0
2024-05-16,790.0,390.6,1872.0,1599.0,1076.5,17610.0
2024-05-17,795.6,393.1,1880.0,1562.0,1030.5,17435.0
2024-05-20,815.2,390.4,1931.5,1570.0,1039.5,18435.0
2024-05-21,791.6,387.6,1853.0,1593.0,1006.5,18570.0
2024-05-22,777.9,383.2,1868.0,1570.0,1003.5,17240.0
2024-05-23,781.9,383.0,1873.5,1580.0,1023.0,17120.0
2024-05-24,775.9,381.0,1857.0,1591.0,1008.0,16785.0
2024-05-27,800.6,371.1,1868.0,1615.0,965.8,16695.0
2024-05-28,796.9,373.5,1860.0,1630.0,969.9,16575.0
2024-05-29,800.7,358.8,1779.0,1603.0,939.6,16055.0
2024-05-30,798.4,355.1,1765.0,1644.0,949.7,15180.0
2024-05-31,816.0,372.9,1833.0,1616.0,945.5,15150.0
2024-06-03,840.0,375.0,2048.0,1603.0,965.3,15260.0
2024-06-04,844.7,378.2,2091.0,1654.0,973.0,16740.0
2024-06-05,829.2,380.6,2098.0,1635.0,967.2,16380.0
2024-06-06,835.6,375.9,2090.0,1629.0,953.7,15365.0
2024-06-07,850.0,377.7,2151.0,1648.0,954.6,14735.0
2024-06-10,839.0,377.8,2123.0,1603.0,954.3,14775.0
2024-06-11,818.9,376.5,2192.0,1628.0,930.6,15250.0
2024-06-12,808.7,368.7,2158.0,1628.0,925.0,14980.0
2024-06-13,802.7,366.5,2148.5,1680.0,949.9,15495.0
2024-06-14,813.6,364.7,2167.5,1678.0,954.9,15280.0
2024-06-17,786.0,364.6,2094.0,1683.0,974.3,15245.0
2024-06-18,828.2,392.9,2027.5,1675.0,966.3,14870.0
2024-06-19,829.0,391.0,2024.0,1670.0,956.1,14720.0
2024-06-20,825.3,396.8,1983.0,1691.0,985.3,14830.0
2024-06-21,813.1,395.2,2010.5,1679.0,971.5,14045.0
2024-06-24,824.0,392.2,1915.5,1698.0,997.7,14010.0
2024-06-25,848.0,391.3,1967.0,1741.0,997.6,14260.0
2024-06-26,846.9,390.1,1958.0,1740.0,996.4,14855.0
2024-06-27,852.9,390.0,2009.0,1729.0,1001.0,14835.0
2024-06-28,829.9,388.9,1997.5,1730.0,1007.5,14580.0
2024-07-01,861.4,377.8,2103.0,1697.0,987.6,14395.0
2024-07-02,867.9,382.6,2228.0,1730.0,979.9,14075.0
2024-07-03,859.8,388.0,2242.0,1730.0,982.2,14910.0
2024-07-04,885.9,387.5,2307.5,1734.0,968.6,14955.0
2024-07-05,898.3,399.5,2407.5,1778.0,966.9,15225.0
2024-07-08,887.8,400.0,2454.0,1789.0,975.2,15425.0
2024-07-09,893.8,401.4,2446.5,1793.0,981.3,15440.0
2024-07-10,913.1,404.5,2396.5,1783.0,959.2,15255.0
2024-07-11,909.6,404.0,2324.0,1730.0,950.9,11255.0
2024-07-12,912.8,410.9,2389.0,2130.0,979.1,13220.0
2024-07-16,908.1,403.5,2378.0,2317.0,964.2,13025.0
2024-07-17,895.4,404.6,2462.5,2357.0,970.5,12280.0
2024-07-18,876.2,397.3,2344.5,2242.0,964.9,12085.0
2024-07-19,868.1,393.6,2339.5,2270.0,955.1,11220.0
2024-07-22,870.4,390.5,2266.0,2303.0,965.5,11400.0
2024-07-23,898.7,390.0,2276.0,2316.0,969.6,11345.0
2024-07-24,883.5,380.0,2286.5,2330.0,962.4,11310.0
2024-07-25,841.7,368.1,2190.5,2247.0,950.8,11000.0
2024-07-26,840.3,363.8,2189.5,2257.0,944.7,11525.0
2024-07-29,903.8,369.7,2322.5,2308.0,978.4,11700.0
2024-07-30,889.7,366.6,2279.5,2251.0,965.4,11360.0
2024-07-31,882.4,373.0,2235.0,2256.0,966.4,11465.0
2024-08-01,855.0,367.1,2163.5,2158.0,1004.5,10765.0
2024-08-02,789.1,350.6,1978.0,1953.0,914.6,9725.0
2024-08-05,664.0,338.8,1805.0,1858.0,810.8,8787.0
2024-08-06,732.1,371.8,2000.0,2019.0,881.5,8999.0
2024-08-07,780.8,375.0,2012.5,1980.0,879.0,9377.0
2024-08-08,773.3,381.3,2085.5,2020.0,890.7,9882.0
2024-08-09,779.5,378.4,2100.0,2024.0,881.0,9653.0
2024-08-13,851.4,381.2,2175.0,2019.0,915.7,9864.0
2024-08-14,868.5,385.3,2021.0,2040.0,927.8,10040.0
2024-08-15,864.9,376.2,2096.0,2013.0,955.6,10315.0
2024-08-16,892.4,382.7,2072.0,2024.0,961.3,10605.0
2024-08-19,877.4,375.8,2010.5,1998.0,970.7,11185.0
2024-08-20,908.0,380.5,2185.0,2077.0,983.3,11860.0
2024-08-21,949.5,378.7,2210.0,2069.0,982.7,11815.0
2024-08-22,941.4,388.0,2377.0,2144.0,1004.5,12305.0
2024-08-23,946.4,381.8,2340.0,2261.0,1006.0,12320.0
2024-08-26,940.7,405.0,2299.0,2454.0,1028.5,13165.0
2024-08-27,941.9,406.8,2228.5,2427.0,1038.0,13590.0
2024-08-28,1028.5,403.2,2230.0,2337.0,1042.5,13350.0
2024-08-29,1002.5,400.7,2275.5,2226.0,1021.5,13330.0
2024-08-30,1033.5,399.7,2373.5,2190.0,1010.5,13640.0
2024-09-02,1035.5,405.7,2358.5,2227.0,1012.5,13695.0
2024-09-03,1067.5,412.8,2505.5,2174.0,1066.0,14165.0
2024-09-04,1002.0,399.1,2343.0,2181.0,1036.5,13230.0
2024-09-05,995.8,399.1,2438.5,2298.0,1054.0,13035.0
2024-09-06,946.4,395.3,2374.0,2297.0,1032.5,12200.0
2024-09-09,956.5,397.1,2496.0,2333.0,1021.5,11825.0
2024-09-10,947.7,398.3,2465.0,2346.0,1042.0,11765.0
2024-09-11,928.8,398.7,2366.5,2310.0,1033.5,11820.0
2024-09-12,938.1,416.2,2410.0,2318.0,1058.5,12460.0
2024-09-13,946.8,412.1,2391.5,2303.0,1024.0,11825.0
2024-09-17,942.9,406.0,2497.5,2277.0,1024.0,12470.0
2024-09-18,945.6,401.8,2551.5,2242.0,1019.0,13415.0
2024-09-19,963.1,402.9,2717.5,2233.0,1048.5,13480.0
2024-09-20,970.6,409.4,2684.5,2221.0,1049.0,13740.0
2024-09-24,960.7,405.3,2628.0,2192.0,1033.0,13445.0
2024-09-25,939.5,408.9,2620.0,2100.0,1028.0,13270.0
2024-09-26,946.4,420.8,2609.0,2135.0,1038.0,13700.0
2024-09-27,965.7,423.5,2679.5,2207.0,1037.5,14080.0
2024-09-30,925.6,419.3,2507.0,2149.0,1019.5,13660.0
2024-10-01,917.5,420.4,2494.0,2131.0,1022.0,13540.0
2024-10-02,900.2,419.6,2426.5,2002.0,993.6,13305.0
2024-10-03,917.5,425.1,2459.0,2058.0,1007.0,13850.0
2024-10-04,913.0,433.8,2589.5,2124.0,1013.0,14415.0
2024-10-07,923.5,430.9,2653.0,2152.0,1013.0,14425.0
2024-10-08,913.3,423.5,2510.0,2156.0,1004.5,13905.0
2024-10-09,920.9,424.8,2569.0,2227.0,1029.5,14775.0
2024-10-10,946.5,424.8,2510.5,2200.0,1035.5,14650.0
2024-10-11,948.5,420.1,2448.5,2225.0,1044.0,15650.0
2024-10-15,961.3,426.7,2551.0,2166.0,1054.5,15710.0
2024-10-16,954.5,424.7,2509.0,2128.0,1045.5,15035.0
2024-10-17,942.2,417.1,2452.0,2175.0,1028.0,14575.0
2024-10-18,921.4,417.1,2389.5,2347.0,1022.0,14715.0
2024-10-21,952.1,427.9,2372.0,2315.0,1033.5,14605.0
2024-10-22,936.6,422.7,2277.0,2279.0,1010.0,14375.0
2024-10-23,909.3,418.5,2166.0,2265.0,998.1,14805.0
2024-10-24,904.6,412.3,2120.0,2200.0,996.0,14665.0
2024-10-25,885.7,409.6,2096.5,2105.0,990.1,13840.0
2024-10-28,907.8,415.5,2090.0,2172.0,1016.5,14650.0
2024-10-29,919.9,415.7,2101.5,2221.0,1031.0,15065.0
2024-10-30,922.7,417.9,2131.5,2185.0,1039.0,15470.0
2024-10-31,922.7,419.4,2159.5,2253.0,1006.5,15550.0
2024-11-01,903.6,414.1,2105.0,2229.0,1019.0,15200.0
2024-11-05,916.4,423.6,2171.5,2246.0,1002.0,15650.0
2024-11-06,933.0,421.1,1824.0,2319.0,1030.0,15850.0
2024-11-07,929.0,417.3,1828.5,2164.0,1064.5,15440.0
2024-11-08,926.4,412.1,1860.0,2282.0,1047.0,16555.0
2024-11-11,923.6,405.0,1848.0,2278.0,1039.5,16535.0
2024-11-12,950.2,413.0,1811.5,2156.0,1033.0,16195.0
2024-11-13,964.9,413.0,1803.0,2122.0,1023.5,16380.0
2024-11-14,936.9,418.6,1914.0,2106.0,979.3,16145.0
2024-11-15,900.1,407.7,1925.0,2029.0,974.5,16035.0
2024-11-18,881.1,406.4,1987.0,1986.0,983.7,15795.0
2024-11-19,876.9,410.5,1970.5,1968.0,1005.0,15785.0
2024-11-20,876.3,414.1,2045.0,1975.0,1020.5,15180.0
2024-11-21,891.9,418.4,2068.0,1969.0,1013.0,15435.0
2024-11-22,879.4,415.0,2097.5,2016.0,1008.5,15620.0
2024-11-25,883.3,414.9,2011.0,2011.0,1015.5,15495.0
2024-11-26,862.3,412.3,1911.5,2029.0,1038.0,15050.0
2024-11-27,857.0,411.1,1920.0,2057.0,1031.5,16290.0
2024-11-28,854.7,412.9,1970.5,2053.0,1031.0,16860.0
2024-11-29,858.4,411.9,1947.5,2108.0,1039.5,16930.0
2024-12-02,847.2,418.3,1925.5,2135.0,1029.5,17435.0
2024-12-03,846.8,422.4,1958.0,2168.0,1052.0,17575.0
2024-12-04,837.0,429.6,1948.5,2178.0,1068.5,18045.0
2024-12-05,834.2,427.5,1908.0,2172.0,1078.0,18035.0
2024-12-06,862.9,428.8,1915.5,2156.0,1069.0,17645.0
2024-12-09,921.0,435.0,1907.5,2245.0,1084.5,17790.0
2024-12-10,930.4,433.6,1882.5,2289.0,1084.5,17705.0
2024-12-11,946.7,438.3,1896.0,2257.0,1077.0,17675.0
2024-12-12,970.0,439.5,1927.0,2366.0,1108.5,18395.0
2024-12-13,982.4,441.1,1918.5,2389.0,1153.5,18165.0
2024-12-16,988.2,438.0,1886.5,2390.0,1136.0,17675.0
2024-12-17,998.5,443.0,1857.0,2455.0,1137.0,16970.0
2024-12-18,996.8,438.0,1839.0,2426.0,1125.5,16995.0
2024-12-19,917.3,430.6,1833.0,2407.0,1114.0,17010.0
2024-12-20,919.8,426.2,1825.0,2385.0,1107.0,17075.0
2024-12-23,906.5,422.0,1830.0,2380.0,1106.5,17390.0
2024-12-24,891.8,423.1,1795.5,2345.0,1092.5,17105.0
2024-12-25,869.5,423.6,1780.0,2289.0,1091.5,17735.0
2024-12-26,851.3,423.9,1772.0,2270.0,1089.0,17590.0
2024-12-27,872.3,427.2,1812.0,2327.0,1111.5,18225.0
2024-12-30,858.9,419.4,1793.0,2295.0,1096.0,18215.0
2025-01-06,858.5,413.3,1720.0,2123.0,1056.0,17710.0
2025-01-07,870.2,425.3,1720.5,2128.0,1070.5,17755.0
2025-01-08,920.1,425.7,1697.5,2136.0,1080.5,17630.0
2025-01-09,936.0,423.2,1701.0,2199.0,1089.5,18270.0
2025-01-10,914.1,425.3,1703.0,2445.0,1065.0,19010.0
2025-01-14,901.7,425.1,1667.5,2450.0,1039.0,18780.0
2025-01-15,893.6,427.2,1684.5,2345.0,1033.5,21120.0
2025-01-16,899.5,426.4,1690.0,2215.0,1070.0,21190.0
2025-01-17,893.3,427.0,1675.5,2239.0,1067.0,20690.0
2025-01-20,901.5,425.7,1740.5,2378.0,1085.5,20485.0
2025-01-21,901.6,428.1,1754.0,2330.0,1083.5,20535.0
2025-01-22,924.7,431.6,1753.5,2299.0,1095.5,1368.5
2025-01-23,916.0,435.7,1782.0,2308.0,1086.0,1356.0
2025-01-24,930.7,440.7,1791.5,2356.0,1116.0,1380.5
2025-01-27,947.1,447.8,1854.0,2385.0,1122.0,1283.5
2025-01-28,979.0,453.7,1920.0,2433.0,1151.5,1352.0
2025-01-29,996.8,456.8,1948.5,2524.0,1134.0,1351.0
2025-01-30,1004.0,457.8,1930.5,2489.0,1190.0,1348.0
2025-01-31,982.6,454.9,1888.5,2440.0,1164.0,1292.0
2025-02-03,963.3,462.8,1860.5,2420.0,1132.5,1259.0
2025-02-04,963.1,466.9,1862.0,2432.0,1130.5,1371.0
2025-02-05,964.5,474.0,1870.5,2449.0,1156.0,1454.5
2025-02-06,992.4,475.7,1907.0,2484.0,1180.0,1452.0
2025-02-07,990.0,496.9,2307.0,2491.0,1169.0,1414.5
2025-02-10,977.5,499.4,2361.0,2460.0,1175.5,1440.0
2025-02-12,982.5,499.2,2298.0,2481.0,1182.0,1473.5
2025-02-13,1012.0,501.6,2354.0,2491.0,1196.0,1485.5
2025-02-14,1023.0,493.7,2389.5,2508.0,1182.5,1479.5
2025-02-17,998.4,487.5,2333.0,2500.0,1179.0,1409.5
2025-02-18,943.7,489.6,2292.0,2459.0,1156.5,1422.0
2025-02-19,1013.5,491.1,2310.0,2378.0,1185.0,1390.5
2025-02-20,974.3,479.3,2253.0,2385.0,1166.5,1365.0
2025-02-21,982.5,491.6,2299.5,2340.0,1162.5,1373.0
2025-02-25,961.3,478.9,2335.5,2280.0,1154.0,1343.0
2025-02-26,950.0,474.0,2317.0,2201.0,1141.5,1344.0
2025-02-27,942.3,484.8,2392.5,2130.0,1141.5,1315.0
2025-02-28,920.7,506.3,2339.0,2047.0,1114.0,1250.0
2025-03-03,917.3,513.0,2374.0,2126.0,1116.0,1254.0
2025-03-04,896.2,511.6,2320.5,2084.0,1116.0,1238.5
2025-03-05,907.1,515.6,2323.0,2026.0,1120.0,1229.5
2025-03-06,930.5,521.0,2472.0,2018.0,1113.5,1152.0
2025-03-07,910.0,518.4,2376.0,1989.0,1092.5,1163.5
2025-03-10,911.4,528.1,2373.5,1988.0,1100.0,1137.5
2025-03-11,889.4,515.6,2335.5,1946.0,1097.5,1150.0
2025-03-12,898.0,532.1,2402.0,1956.0,1132.5,1150.0
2025-03-13,898.5,531.9,2373.5,1970.0,1140.5,1189.0
2025-03-14,898.3,522.5,2456.5,1941.0,1152.5,1215.0
2025-03-17,905.3,527.2,2444.5,1971.0,1172.0,1259.0
2025-03-18,908.3,527.0,2575.0,1991.0,1211.0,1274.0
2025-03-19,902.6,520.0,2451.0,2012.0,1205.5,1251.5
2025-03-21,901.0,521.1,2633.5,2010.0,1237.0,1241.5
2025-03-24,895.5,523.1,2640.0,2036.0,1274.0,1242.0
2025-03-25,905.9,536.3,2623.0,2040.0,1293.0,1240.5
2025-03-26,905.7,534.1,2576.5,2035.0,1291.5,1236.0
2025-03-27,902.7,537.2,2477.5,2039.0,1255.0,1231.0
2025-03-28,884.7,523.1,2481.0,1989.0,1185.5,1203.5
2025-03-31,851.3,506.3,2355.0,1914.0,1129.5,1150.5
2025-04-01,845.0,516.7,2326.5,1818.0,1156.5,1149.5
2025-04-02,829.9,517.4,2305.0,1894.0,1149.5,1226.0
2025-04-03,821.8,519.9,2263.5,1874.0,1137.0,1161.5
2025-04-04,795.6,524.3,2159.5,1824.0,1110.0,1095.0
2025-04-07,710.8,473.5,1951.0,1651.0,1030.0,983.0
2025-04-08,762.6,500.7,2178.5,1748.0,1066.5,1056.5
2025-04-09,723.8,488.8,2052.5,1817.0,1033.0,1084.5
2025-04-10,789.6,513.0,2223.5,1939.0,1114.5,1207.5
2025-04-11,774.4,511.9,2254.0,1940.0,1105.5,1178.0
2025-04-14,771.5,517.0,2240.0,1924.0,1100.0,1152.0
2025-04-15,771.4,515.2,2294.0,1959.0,1087.0,1195.0
2025-04-16,759.5,528.0,2200.0,1882.0,1074.5,1158.5
2025-04-17,782.1,538.0,2255.0,1926.0,1173.5,1209.5
2025-04-18,784.0,554.0,2320.0,1928.0,1184.0,1222.5
2025-04-21,776.2,556.1,2322.0,1959.0,1189.0,1281.0
2025-04-22,754.0,552.7,2320.0,1949.0,1173.0,1283.0
2025-04-23,770.2,550.0,2382.0,1928.0,1168.5,1230.0
2025-04-24,786.0,529.5,2309.5,1894.0,1158.5,1207.5
2025-04-25,805.0,520.9,2290.5,1920.0,1191.5,1223.5
2025-04-28,824.8,528.3,2318.5,2012.0,1201.5,1349.0
2025-04-30,839.5,539.8,2299.5,1948.0,1224.5,1311.0
2025-05-01,831.4,529.9,2303.5,1977.0,1239.5,1353.5
2025-05-02,831.1,533.8,2265.0,1947.0,1228.0,1376.0
2025-05-07,856.7,546.0,2311.5,1985.0,1248.5,1371.0
2025-05-08,883.7,530.0,2398.0,2036.0,1253.5,1422.0
2025-05-09,893.5,538.8,2385.5,2042.0,1263.5,1458.0
2025-05-12,884.2,544.9,2345.0,1999.0,1254.5,1440.5
2025-05-13,884.6,532.6,2341.5,2040.0,1240.5,1463.5
2025-05-14,884.0,528.1,2300.0,2030.0,1231.0,1449.5
2025-05-15,806.1,525.0,2301.5,2060.0,1226.5,1428.5
2025-05-16,784.5,520.9,2343.5,2068.0,1411.5,1443.0
2025-05-19,808.0,515.1,2398.0,2050.0,1410.0,1476.5
2025-05-20,803.0,516.3,2364.5,1974.0,1399.0,1539.0
2025-05-21,821.2,514.3,2385.0,1818.0,1401.0,1532.0
2025-05-22,800.2,518.6,2400.0,1863.0,1391.0,1537.5
2025-05-23,802.0,526.8,2322.0,1865.0,1417.5,1552.0
2025-05-26,813.6,531.7,2351.0,1886.0,1481.5,1589.5
2025-05-27,795.1,531.1,2389.5,1914.0,1480.5,1591.0
2025-05-28,794.7,529.9,2374.0,1893.0,1475.5,1540.0
2025-05-29,804.0,528.8,2346.0,1893.0,1464.5,1616.0
2025-05-30,798.6,522.0,2392.5,2016.0,1465.0,1673.0
2025-06-02,820.7,522.0,2376.5,1981.0,1482.5,1761.0
2025-06-03,816.0,525.6,2396.0,2079.0,1508.5,1790.0
2025-06-04,809.2,521.4,2470.0,2067.0,1527.5,1767.5
2025-06-05,800.9,516.5,2491.0,2091.0,1505.5,1747.5
2025-06-06,804.9,530.0,2600.0,2050.0,1500.0,1740.5
2025-06-09,823.9,523.9,2538.5,2086.0,1501.0,1737.0
2025-06-10,818.6,533.0,2544.0,2086.0,1517.5,1719.5
2025-06-11,831.9,537.6,2563.5,2116.0,1500.0,1776.0
2025-06-12,820.6,541.3,2563.5,2110.0,1485.5,1789.0
2025-06-13,803.9,512.7,2563.5,2037.0,1465.5,1755.0
2025-06-16,808.4,521.4,2680.5,2034.0,1508.0,1761.0
2025-06-17,810.6,525.0,2683.5,2045.0,1509.5,1740.5
2025-06-18,822.3,547.7,2808.0,2120.0,1540.5,1739.5
2025-06-19,812.6,541.5,2858.0,2158.0,1550.5,1764.5
2025-06-20,806.8,538.4,2775.0,2151.0,1547.5,1737.5
2025-06-23,791.5,524.9,2740.0,2131.0,1569.0,1715.0
2025-06-24,791.8,519.5,2686.0,2202.0,1584.0,1774.5
2025-06-25,777.8,513.8,2627.0,2166.0,1625.5,1761.0
2025-06-26,785.5,515.2,2607.0,2150.0,1643.5,1763.5
2025-06-27,791.8,516.5,2611.0,2136.0,1629.5,1740.0
2025-06-30,796.4,530.4,2674.0,2136.0,1650.0,1748.0
2025-07-01,785.0,538.5,2622.5,2105.0,1650.5,1786.0
2025-07-02,776.4,525.6,2544.0,2074.0,1584.5,1700.5
2025-07-03,778.2,520.3,2564.0,2036.0,1564.0,1712.5
2025-07-04,773.0,524.9,2611.0,2051.0,1545.0,1714.5
2025-07-07,772.0,530.3,2585.5,2068.0,1541.5,1700.0
2025-07-08,778.5,529.0,2615.0,2062.0,1528.5,1723.5
2025-07-09,783.2,531.9,2616.0,2049.0,1534.5,1682.5
2025-07-10,808.5,532.7,2559.0,2024.0,1520.0,1563.5
2025-07-11,800.4,514.8,2558.0,2010.0,1493.5,1497.5
2025-07-14,790.3,516.8,2420.0,1970.0,1487.5,1535.5
2025-07-15,795.0,513.2,2428.5,1899.0,1476.5,1547.0
2025-07-16,785.0,519.2,2376.0,1896.0,1502.5,1559.5
2025-07-17,784.8,538.0,2423.0,2000.0,1578.5,1626.0
2025-07-18,774.0,539.8,2375.5,1960.0,1543.0,1613.5
2025-07-22,770.5,552.9,2431.5,1972.0,1562.5,1618.0
2025-07-23,802.0,556.3,2448.5,1952.0,1586.0,1592.0
2025-07-24,797.1,565.1,2416.0,1960.0,1594.0,1610.0
2025-07-25,787.5,561.9,2347.0,1922.0,1573.0,1572.0
