Window_Size,2020 Covid_Std,2020 Covid_Wgt,2024 Ueda_Std,2024 Ueda_Wgt,2025 Tariff_Std,2025 Tariff_Wgt,Average_Std,Average_Wgt
5,0.0,0.0,0.11764705882352941,0.08543821703643577,0.42857142857142855,0.664627743200634,0.18207282913165265,0.25002198674568993
6,0.0,0.0,0.058823529411764705,0.012242719299400115,0.2857142857142857,0.6115723028398148,0.11484593837535013,0.20793834071307163
7,0.0,0.0,0.11764705882352941,0.0800612918770139,0.2857142857142857,0.6115723028398148,0.13445378151260504,0.23054453157227625
8,0.0,0.0,0.17647058823529413,0.014656059011269552,0.42857142857142855,0.664627743200634,0.20168067226890754,0.22642793407063452
9,0.0,0.0,0.0,0.0,0.42857142857142855,0.664627743200634,0.14285714285714285,0.221542581066878
10,0.0,0.0,0.058823529411764705,0.0012008294513556855,0.42857142857142855,0.664627743200634,0.16246498599439776,0.22194285755066323
11,0.0,0.0,0.11764705882352941,0.009001459418779757,0.42857142857142855,0.664627743200634,0.18207282913165265,0.22454306753980458
12,0.07692307692307693,0.022298435507455687,0.11764705882352941,0.11571388568030051,0.42857142857142855,0.7328062436225593,0.2077138547726783,0.29027285493677185
13,0.07692307692307693,0.022298435507455687,0.11764705882352941,0.20997911271281244,0.5714285714285714,0.6801284885160813,0.2553329023917259,0.30413534557878313
14,0.07692307692307693,0.022298435507455687,0.23529411764705882,0.3870553339859123,0.2857142857142857,0.3507076288055869,0.19931049342814047,0.25335379943298497
15,0.07692307692307693,0.022298435507455687,0.11764705882352941,0.20997911271281244,0.42857142857142855,0.4037630691664062,0.2077138547726783,0.21201353912889145
16,0.0,0.0,0.11764705882352941,0.20997911271281244,0.2857142857142857,0.3183011151731374,0.13445378151260504,0.1760934092953166
17,0.07692307692307693,0.022298435507455687,0.11764705882352941,0.24065622250658325,0.2857142857142857,0.6115723028398148,0.16009480715363067,0.2915089869512846
18,0.07692307692307693,0.022298435507455687,0.058823529411764705,0.04251838794326486,0.42857142857142855,0.664627743200634,0.1881060116354234,0.24314818888378484
19,0.0,0.0,0.17647058823529413,0.1097943215520259,0.5714285714285714,0.7500896971939027,0.24929971988795518,0.2866280062486429
20,0.07692307692307693,0.03447373454873924,0.11764705882352941,0.054761107242664975,0.2857142857142857,0.6115723028398148,0.16009480715363067,0.23360238154373966
21,0.07692307692307693,0.022298435507455687,0.058823529411764705,0.07319549773703565,0.14285714285714285,0.2652456748123182,0.09286791639732817,0.12024653601893652
22,0.0,0.0,0.058823529411764705,0.04251838794326486,0.0,0.0,0.0196078431372549,0.014172795981088287
23,0.07692307692307693,0.022298435507455687,0.11764705882352941,0.11571388568030051,0.0,0.0,0.06485671191553545,0.0460041070625854
24,0.07692307692307693,0.022298435507455687,0.11764705882352941,0.054761107242664975,0.0,0.0,0.06485671191553545,0.025686514250040222
25,0.0,0.0,0.17647058823529413,0.21239877032994436,0.0,0.0,0.05882352941176471,0.07079959010998145
26,0.0,0.0,0.058823529411764705,0.04251838794326486,0.0,0.0,0.0196078431372549,0.014172795981088287
27,0.15384615384615385,0.05677217005619493,0.23529411764705882,0.15231270949529077,0.14285714285714285,0.2652456748123182,0.17733247145011852,0.15811018478793462
28,0.07692307692307693,0.03447373454873924,0.058823529411764705,0.07319549773703565,0.0,0.0,0.04524886877828055,0.035889744095258296
29,0.07692307692307693,0.022298435507455687,0.11764705882352941,0.08543821703643577,0.0,0.0,0.06485671191553545,0.03591221751463048
30,0.0,0.0,0.17647058823529413,0.25619822433968703,0.0,0.0,0.05882352941176471,0.085399408113229
31,0.0,0.0,0.058823529411764705,0.012242719299400115,0.0,0.0,0.0196078431372549,0.004080906433133372
32,0.0,0.0,0.23529411764705882,0.13454604039963625,0.0,0.0,0.0784313725490196,0.04484868013321208
33,0.0,0.0,0.11764705882352941,0.014662376916532043,0.14285714285714285,0.3463266280274966,0.0868347338935574,0.12032966831467622
34,0.0,0.0,0.11764705882352941,0.014662376916532043,0.0,0.0,0.0392156862745098,0.004887458972177347
35,0.0,0.0,0.058823529411764705,0.012242719299400115,0.0,0.0,0.0196078431372549,0.004080906433133372
36,0.0,0.0,0.058823529411764705,0.012242719299400115,0.0,0.0,0.0196078431372549,0.004080906433133372
37,0.0,0.0,0.0,0.0,0.0,0.0,0.0,0.0
38,0.07692307692307693,0.022298435507455687,0.11764705882352941,0.014662376916532043,0.14285714285714285,0.05305544036081923,0.11247575953458307,0.030005417594935652
39,0.07692307692307693,0.022298435507455687,0.058823529411764705,0.0024196576171319276,0.0,0.0,0.04524886877828055,0.008239364374862538
40,0.07692307692307693,0.022298435507455687,0.17647058823529413,0.0821969571558154,0.0,0.0,0.08446455505279034,0.0348317975544237
41,0.0,0.0,0.058823529411764705,0.07319549773703565,0.14285714285714285,0.3463266280274966,0.06722689075630252,0.1398407085881774
42,0.0,0.0,0.0,0.0,0.2857142857142857,0.6115723028398148,0.09523809523809523,0.20385743427993827
43,0.0,0.0,0.0,0.0,0.14285714285714285,0.3463266280274966,0.047619047619047616,0.11544220934249887
44,0.0,0.0,0.0,0.0,0.14285714285714285,0.05305544036081923,0.047619047619047616,0.017685146786939745
45,0.0,0.0,0.0,0.0,0.0,0.0,0.0,0.0
46,0.07692307692307693,0.022298435507455687,0.0,0.0,0.2857142857142857,0.6115723028398148,0.12087912087912088,0.21129024611575684
47,0.0,0.0,0.0,0.0,0.14285714285714285,0.05305544036081923,0.047619047619047616,0.017685146786939745
48,0.0,0.0,0.058823529411764705,0.0024196576171319276,0.14285714285714285,0.05305544036081923,0.06722689075630252,0.01849169932598372
49,0.0,0.0,0.17647058823529413,0.32852700447374084,0.14285714285714285,0.11317561670790569,0.10644257703081232,0.14723420706054882
50,0.07692307692307693,0.03447373454873924,0.11764705882352941,0.19941571026657276,0.2857142857142857,0.6115723028398148,0.16009480715363067,0.2818205825517089
51,0.07692307692307693,0.03447373454873924,0.11764705882352941,0.19941571026657276,0.0,0.0,0.06485671191553545,0.07796314827177066
52,0.0,0.0,0.0,0.0,0.14285714285714285,0.2652456748123182,0.047619047619047616,0.0884152249374394
53,0.07692307692307693,0.022298435507455687,0.11764705882352941,0.20997911271281244,0.0,0.0,0.06485671191553545,0.07742584940675605
54,0.15384615384615385,0.05677217005619493,0.0,0.0,0.0,0.0,0.05128205128205129,0.01892405668539831
55,0.0,0.0,0.0,0.0,0.0,0.0,0.0,0.0
56,0.0,0.0,0.0,0.0,0.14285714285714285,0.05305544036081923,0.047619047619047616,0.017685146786939745
57,0.07692307692307693,0.03447373454873924,0.058823529411764705,0.07319549773703565,0.0,0.0,0.04524886877828055,0.035889744095258296
58,0.0,0.0,0.0,0.0,0.14285714285714285,0.11317561670790569,0.047619047619047616,0.037725205569301895
59,0.07692307692307693,0.03447373454873924,0.17647058823529413,0.24153105611482287,0.14285714285714285,0.11317561670790569,0.13208360267183797,0.12972680245715593
60,0.07692307692307693,0.03447373454873924,0.23529411764705882,0.47976762100427417,0.0,0.0,0.10407239819004525,0.1714137851843378
61,0.07692307692307693,0.022298435507455687,0.058823529411764705,0.1674607247695476,0.2857142857142857,0.3183011151731374,0.14048696401637578,0.1693534251500469
62,0.0,0.0,0.23529411764705882,0.41881484256663865,0.2857142857142857,0.16623105706872493,0.1736694677871148,0.19501529987845453
63,0.07692307692307693,0.09314273774452943,0.17647058823529413,0.2748353887044416,0.42857142857142855,0.7247479195477204,0.2273216979099332,0.3642420153322305
64,0.0,0.0,0.058823529411764705,0.012242719299400115,0.42857142857142855,0.664627743200634,0.16246498599439776,0.22562348750001138
65,0.23076923076923078,0.23316087817478126,0.0,0.0,0.14285714285714285,0.05305544036081923,0.12454212454212454,0.09540543951186682
66,0.23076923076923078,0.23316087817478126,0.23529411764705882,0.44909051121050336,0.42857142857142855,0.664627743200634,0.2982115923292394,0.4489597108619729
67,0.23076923076923078,0.26957617501861636,0.11764705882352941,0.17970344406894773,0.42857142857142855,0.664627743200634,0.25899590605472955,0.37130245409606605
68,0.38461538461538464,0.36817671629753085,0.17647058823529413,0.2748353887044416,0.0,0.0,0.1870286576168929,0.21433736833399078
69,0.15384615384615385,0.07106566573048981,0.11764705882352941,0.31144017863174467,0.0,0.0,0.0904977375565611,0.1275019481207448
70,0.38461538461538464,0.44151117759701336,0.11764705882352941,0.1562221731615972,0.14285714285714285,0.2652456748123182,0.2150398620986856,0.2876596751903096
71,0.46153846153846156,0.4806502450775397,0.11764705882352941,0.17970344406894773,0.14285714285714285,0.05305544036081923,0.2406808877397113,0.2378030431691022
72,0.3076923076923077,0.4238780750213447,0.17647058823529413,0.3236828979311448,0.0,0.0,0.16138763197586728,0.24918699098416316
73,0.3076923076923077,0.3777951429382204,0.17647058823529413,0.2528989418059834,0.0,0.0,0.16138763197586728,0.21023136158140124
74,0.0,0.0,0.11764705882352941,0.013443548750755801,0.0,0.0,0.0392156862745098,0.0044811829169186
75,0.07692307692307693,0.1223850378545832,0.058823529411764705,0.012242719299400115,0.0,0.0,0.04524886877828055,0.04487591905132777
76,0.38461538461538464,0.3993108439448964,0.17647058823529413,0.28162978644095576,0.14285714285714285,0.05305544036081923,0.2346477052359405,0.24466535691555713
77,0.23076923076923078,0.31116067240605083,0.058823529411764705,0.012242719299400115,0.14285714285714285,0.05305544036081923,0.14414996767937946,0.1254862773554234
78,0.38461538461538464,0.38222633813654067,0.058823529411764705,0.012242719299400115,0.0,0.0,0.1478129713423831,0.13148968581198026
79,0.5384615384615384,0.5712458465232935,0.11764705882352941,0.054761107242664975,0.0,0.0,0.2187028657616893,0.20866898458865282
80,0.23076923076923078,0.1791572079107781,0.17647058823529413,0.22222183201221257,0.0,0.0,0.13574660633484162,0.13379301330766355
81,0.46153846153846156,0.4877882487576387,0.058823529411764705,0.012242719299400115,0.14285714285714285,0.2652456748123182,0.2210730446024564,0.2550922142897857
82,0.46153846153846156,0.4613194540420603,0.17647058823529413,0.01586320636788773,0.0,0.0,0.21266968325791857,0.159060886803316
83,0.38461538461538464,0.34142457524988584,0.17647058823529413,0.18212310168607965,0.5714285714285714,0.7500896971939027,0.3775048480930834,0.4245457913766228
84,0.23076923076923078,0.23316087817478126,0.23529411764705882,0.18870490348772748,0.2857142857142857,0.3507076288055869,0.25059254471019177,0.2575244701560319
85,0.46153846153846156,0.4442349482337046,0.11764705882352941,0.054761107242664975,0.14285714285714285,0.3463266280274966,0.2406808877397113,0.281774227834622
86,0.46153846153846156,0.4613194540420603,0.0,0.0,0.0,0.0,0.15384615384615385,0.15377315134735345
87,0.46153846153846156,0.4613194540420603,0.058823529411764705,0.04251838794326486,0.42857142857142855,0.664627743200634,0.3163111398405516,0.3894885283953197
88,0.38461538461538464,0.43902101853460457,0.17647058823529413,0.1809042735203034,0.0,0.0,0.1870286576168929,0.20664176401830267
89,0.46153846153846156,0.5346539153415428,0.11764705882352941,0.17970344406894773,0.0,0.0,0.19306184012066366,0.23811911980349687
90,0.46153846153846156,0.4613194540420603,0.11764705882352941,0.17970344406894773,0.0,0.0,0.19306184012066366,0.213674299370336
91,0.6153846153846154,0.6057195810720326,0.11764705882352941,0.16988038238667952,0.0,0.0,0.24434389140271495,0.258533321152904
92,0.5384615384615384,0.5712458465232935,0.11764705882352941,0.003620487068487613,0.0,0.0,0.2187028657616893,0.19162211119726036
93,0.38461538461538464,0.38501734827060147,0.0,0.0,0.0,0.0,0.12820512820512822,0.1283391160902005
94,0.23076923076923078,0.31116067240605083,0.058823529411764705,0.07319549773703565,0.0,0.0,0.09653092006033183,0.12811872338102884
95,0.3076923076923077,0.3502602673897957,0.11764705882352941,0.014662376916532043,0.0,0.0,0.1417797888386124,0.12164088143544259
96,0.3076923076923077,0.29955147487166567,0.23529411764705882,0.254099771257339,0.0,0.0,0.1809954751131222,0.18455041537633488
97,0.46153846153846156,0.470703742949283,0.0,0.0,0.0,0.0,0.15384615384615385,0.15690124764976102
98,0.3076923076923077,0.3263036159193107,0.17647058823529413,0.09875243170398146,0.0,0.0,0.16138763197586728,0.14168534920776404
99,0.15384615384615385,0.12761647229326867,0.17647058823529413,0.010209922488423232,0.0,0.0,0.110105580693816,0.0459421315938973
100,0.23076923076923078,0.23316087817478126,0.0,0.0,0.0,0.0,0.07692307692307693,0.07772029272492709
101,0.3076923076923077,0.2769258060903131,0.058823529411764705,0.0012008294513556855,0.0,0.0,0.12217194570135748,0.09270887851388959
102,0.0,0.0,0.17647058823529413,0.010209922488423232,0.0,0.0,0.05882352941176471,0.0034033074961410774
103,0.0,0.0,0.11764705882352941,0.003620487068487613,0.0,0.0,0.0392156862745098,0.0012068290228292044
104,0.0,0.0,0.058823529411764705,0.1674607247695476,0.0,0.0,0.0196078431372549,0.0558202415898492
105,0.38461538461538464,0.32355733494075045,0.29411764705882354,0.45029134066185905,0.0,0.0,0.22624434389140272,0.25794955853420315
106,0.46153846153846156,0.4902784078200475,0.29411764705882354,0.27845587577292924,0.0,0.0,0.25188536953242835,0.2562447611976589
107,0.0,0.0,0.4117647058823529,0.3764035747445451,0.0,0.0,0.1372549019607843,0.1254678582481817
108,0.15384615384615385,0.11077584032019805,0.29411764705882354,0.0334805801123175,0.2857142857142857,0.39938206838831586,0.24455936220642105,0.18121282960694382
109,0.6153846153846154,0.6057195810720326,0.4117647058823529,0.23901355630228371,0.14285714285714285,0.2652456748123182,0.390002154708037,0.36999293739554484
110,0.0,0.0,0.35294117647058826,0.23242412088234804,0.0,0.0,0.11764705882352942,0.07747470696078268
111,0.23076923076923078,0.23316087817478126,0.35294117647058826,0.32850826164185837,0.0,0.0,0.19457013574660634,0.18722304660554653
112,0.3076923076923077,0.3627189127631458,0.17647058823529413,0.21656854813274806,0.14285714285714285,0.015500745315447217,0.2090066795949149,0.19826273540378034
113,0.46153846153846156,0.41670007268527987,0.058823529411764705,0.04251838794326486,0.14285714285714285,0.015500745315447217,0.2210730446024564,0.15823973531466398
114,0.15384615384615385,0.161484632838328,0.4117647058823529,0.47033468992868327,0.0,0.0,0.1885369532428356,0.21060644092233707
115,0.23076923076923078,0.25711752964526624,0.17647058823529413,0.2165609145144603,0.0,0.0,0.13574660633484162,0.15789281471990885
116,0.07692307692307693,0.1223850378545832,0.35294117647058826,0.42659747381964214,0.14285714285714285,0.3463266280274966,0.19090713208360266,0.298436379900574
117,0.0,0.0,0.35294117647058826,0.23243175450063586,0.0,0.0,0.11764705882352942,0.07747725150021195
118,0.3076923076923077,0.28659344132960246,0.23529411764705882,0.41881484256663865,0.14285714285714285,0.3463266280274966,0.22861452273216978,0.3505783039745792
119,0.15384615384615385,0.05677217005619493,0.23529411764705882,0.27725504632157355,0.2857142857142857,0.6115723028398148,0.22495151906916613,0.3151998397391944
120,0.07692307692307693,0.03447373454873924,0.11764705882352941,0.013443548750755801,0.5714285714285714,0.7500896971939027,0.2553329023917259,0.2660023268311326
121,0.07692307692307693,0.03447373454873924,0.23529411764705882,0.05838159431115258,0.2857142857142857,0.3183011151731374,0.19931049342814047,0.13705214801100973
122,0.46153846153846156,0.4337845784936356,0.23529411764705882,0.27725504632157355,0.2857142857142857,0.45950224473540235,0.3275156216332687,0.3901806231835372
123,0.15384615384615385,0.2180179346615214,0.23529411764705882,0.11759942060739773,0.42857142857142855,0.664627743200634,0.2725705666882137,0.33341503282318435
124,0.07692307692307693,0.03447373454873924,0.11764705882352941,0.009001459418779757,0.7142857142857143,0.793304105223987,0.3029519500107735,0.2789264330638353
125,0.0,0.0,0.11764705882352941,0.003620487068487613,0.5714285714285714,0.7778033599085397,0.22969187675070027,0.2604746156590091
126,0.0,0.0,0.0,0.0,0.5714285714285714,0.7778033599085397,0.19047619047619047,0.2592677866361799
127,0.0,0.0,0.11764705882352941,0.003620487068487613,0.14285714285714285,0.2652456748123182,0.0868347338935574,0.08962205396026861
128,0.0,0.0,0.0,0.0,0.2857142857142857,0.6115723028398148,0.09523809523809523,0.20385743427993827
129,0.0,0.0,0.058823529411764705,0.0024196576171319276,0.2857142857142857,0.6115723028398148,0.11484593837535013,0.20466398681898224
130,0.07692307692307693,0.022298435507455687,0.17647058823529413,0.31385983624887664,0.42857142857142855,0.4037630691664062,0.2273216979099332,0.24664044697424617
131,0.07692307692307693,0.1223850378545832,0.23529411764705882,0.022452641787823347,0.14285714285714285,0.05305544036081923,0.15169144580909286,0.06596437333440859
132,0.07692307692307693,0.09314273774452943,0.29411764705882354,0.28290201229577555,0.42857142857142855,0.7247479195477204,0.266537384184443,0.36693088986267514
133,0.0,0.0,0.4117647058823529,0.3707502908650806,0.42857142857142855,0.664627743200634,0.2801120448179271,0.3451260113552382
134,0.0,0.0,0.4117647058823529,0.3275636991361297,0.5714285714285714,0.7500896971939027,0.3277310924369748,0.35921779877667753
135,0.15384615384615385,0.21552777559911263,0.4117647058823529,0.46346257788344253,0.7142857142857143,0.8632653139018085,0.4266321913380737,0.5140852224614546
136,0.3076923076923077,0.3263036159193107,0.11764705882352941,0.16866155422090326,0.8571428571428571,0.8787660592172555,0.42749407455289806,0.4579104097858231
137,0.23076923076923078,0.2918298813705714,0.11764705882352941,0.013443548750755801,0.42857142857142855,0.664627743200634,0.25899590605472955,0.3233003911073204
138,0.23076923076923078,0.2039185780647275,0.11764705882352941,0.007782631253003515,0.5714285714285714,0.7778033599085397,0.30661495367377717,0.3298348564087569
139,0.3076923076923077,0.3263036159193107,0.29411764705882354,0.02931843592780159,0.0,0.0,0.2006033182503771,0.11854068394903743
140,0.15384615384615385,0.11077584032019805,0.17647058823529413,0.11396409935482957,0.14285714285714285,0.3463266280274966,0.15772462831286363,0.19035552256750807
141,0.23076923076923078,0.13307427582765372,0.29411764705882354,0.059586470953378545,0.2857142857142857,0.6115723028398148,0.27020038784744665,0.268077683206949
142,0.15384615384615385,0.05677217005619493,0.058823529411764705,0.0012008294513556855,0.14285714285714285,0.2652456748123182,0.11850894203835381,0.10773955810662295
143,0.07692307692307693,0.1223850378545832,0.0,0.0,0.0,0.0,0.025641025641025644,0.0407950126181944
144,0.0,0.0,0.11764705882352941,0.263531974320435,0.14285714285714285,0.2652456748123182,0.0868347338935574,0.17625921637758438
145,0.3076923076923077,0.27941596515272193,0.0,0.0,0.2857142857142857,0.4317885820207653,0.1978021978021978,0.23706818239116242
146,0.3076923076923077,0.27941596515272193,0.0,0.0,0.14285714285714285,0.3463266280274966,0.15018315018315018,0.20858086439340617
147,0.5384615384615384,0.5125768433275032,0.058823529411764705,0.0012008294513556855,0.0,0.0,0.19909502262443438,0.17125922425961962
148,0.46153846153846156,0.43627473755604435,0.0,0.0,0.0,0.0,0.15384615384615385,0.14542491251868145
149,0.3076923076923077,0.21825680289452296,0.0,0.0,0.0,0.0,0.10256410256410257,0.07275226763150765
150,0.46153846153846156,0.478103108778764,0.0,0.0,0.0,0.0,0.15384615384615385,0.15936770292625466
151,0.6153846153846154,0.6057195810720326,0.0,0.0,0.0,0.0,0.20512820512820515,0.20190652702401088
152,0.23076923076923078,0.31116067240605083,0.0,0.0,0.14285714285714285,0.11317561670790569,0.12454212454212454,0.14144542970465215
153,0.23076923076923078,0.25711752964526624,0.0,0.0,0.0,0.0,0.07692307692307693,0.08570584321508874
154,0.5384615384615384,0.5125768433275032,0.0,0.0,0.0,0.0,0.1794871794871795,0.1708589477758344
155,0.38461538461538464,0.4114861429861799,0.0,0.0,0.0,0.0,0.12820512820512822,0.13716204766205997
156,0.15384615384615385,0.161484632838328,0.0,0.0,0.14285714285714285,0.3463266280274966,0.0989010989010989,0.1692704202886082
157,0.38461538461538464,0.3138896997014612,0.0,0.0,0.14285714285714285,0.3463266280274966,0.17582417582417584,0.22007210924298592
158,0.46153846153846156,0.5346539153415428,0.0,0.0,0.0,0.0,0.15384615384615385,0.17821797178051427
159,0.15384615384615385,0.05677217005619493,0.0,0.0,0.0,0.0,0.05128205128205129,0.01892405668539831
160,0.3076923076923077,0.3263036159193107,0.0,0.0,0.0,0.0,0.10256410256410257,0.10876787197310356
161,0.15384615384615385,0.11544117325198511,0.058823529411764705,0.006589435419935618,0.0,0.0,0.0708898944193062,0.040676869557306906
162,0.38461538461538464,0.3750708461423448,0.0,0.0,0.14285714285714285,0.3463266280274966,0.17582417582417584,0.24046582472328049
163,0.38461538461538464,0.27747440285762603,0.058823529411764705,0.006589435419935618,0.14285714285714285,0.3463266280274966,0.19543201896143073,0.21013015543501942
164,0.23076923076923078,0.193450703585073,0.17647058823529413,0.3180296140516803,0.0,0.0,0.13574660633484162,0.1704934392122511
165,0.38461538461538464,0.34860205142676637,0.35294117647058826,0.03590023772944942,0.0,0.0,0.24585218702865763,0.1281674297187386
166,0.3076923076923077,0.25545931368223695,0.17647058823529413,0.014372066672939133,0.0,0.0,0.16138763197586728,0.08994379345172536
167,0.38461538461538464,0.30422654390527104,0.11764705882352941,0.009009093037067546,0.0,0.0,0.167420814479638,0.10441187898077953
168,0.23076923076923078,0.13307427582765372,0.0,0.0,0.0,0.0,0.07692307692307693,0.04435809194255124
169,0.15384615384615385,0.15685877240332244,0.0,0.0,0.0,0.0,0.05128205128205129,0.05228625746777415
170,0.15384615384615385,0.12761647229326867,0.058823529411764705,0.09513194463549385,0.0,0.0,0.0708898944193062,0.0742494723095875
171,0.3076923076923077,0.22621701357218318,0.0,0.0,0.0,0.0,0.10256410256410257,0.07540567119072773
172,0.15384615384615385,0.15685877240332244,0.058823529411764705,0.09513194463549385,0.0,0.0,0.0708898944193062,0.08399690567960542
173,0.3076923076923077,0.3627189127631458,0.0,0.0,0.14285714285714285,0.3463266280274966,0.15018315018315018,0.2363485135968808
174,0.15384615384615385,0.11077584032019805,0.0,0.0,0.0,0.0,0.05128205128205129,0.03692528010673268
175,0.15384615384615385,0.15685877240332244,0.0,0.0,0.14285714285714285,0.3463266280274966,0.0989010989010989,0.167728466810273
176,0.0,0.0,0.0,0.0,0.14285714285714285,0.3463266280274966,0.047619047619047616,0.11544220934249887
177,0.0,0.0,0.0,0.0,0.0,0.0,0.0,0.0
178,0.15384615384615385,0.21552777559911263,0.0,0.0,0.14285714285714285,0.3463266280274966,0.0989010989010989,0.18728480120886973
179,0.0,0.0,0.0,0.0,0.0,0.0,0.0,0.0
180,0.15384615384615385,0.05677217005619493,0.11764705882352941,0.26259266940504145,0.0,0.0,0.0904977375565611,0.1064549464870788
181,0.23076923076923078,0.13307427582765372,0.058823529411764705,0.1674607247695476,0.0,0.0,0.09653092006033183,0.10017833353240042
182,0.0,0.0,0.0,0.0,0.0,0.0,0.0,0.0
183,0.15384615384615385,0.05677217005619493,0.058823529411764705,0.1674607247695476,0.0,0.0,0.0708898944193062,0.0747442982752475
184,0.07692307692307693,0.03447373454873924,0.058823529411764705,0.1674607247695476,0.14285714285714285,0.3463266280274966,0.09286791639732817,0.1827536957819278
185,0.0,0.0,0.17647058823529413,0.28162978644095576,0.0,0.0,0.05882352941176471,0.09387659548031858
186,0.07692307692307693,0.03447373454873924,0.058823529411764705,0.09513194463549385,0.0,0.0,0.04524886877828055,0.043201893061411034
187,0.07692307692307693,0.03447373454873924,0.0,0.0,0.14285714285714285,0.3463266280274966,0.07326007326007326,0.1269334541920786
188,0.07692307692307693,0.03447373454873924,0.0,0.0,0.2857142857142857,0.6115723028398148,0.12087912087912088,0.21534867912951802
189,0.0,0.0,0.058823529411764705,0.1674607247695476,0.2857142857142857,0.6115723028398148,0.11484593837535013,0.25967767586978746
190,0.0,0.0,0.0,0.0,0.2857142857142857,0.6115723028398148,0.09523809523809523,0.20385743427993827
191,0.0,0.0,0.0,0.0,0.0,0.0,0.0,0.0
192,0.0,0.0,0.0,0.0,0.0,0.0,0.0,0.0
193,0.0,0.0,0.058823529411764705,0.0012008294513556855,0.14285714285714285,0.3463266280274966,0.06722689075630252,0.11584248582628409
194,0.0,0.0,0.058823529411764705,0.0012008294513556855,0.0,0.0,0.0196078431372549,0.0004002764837852285
195,0.0,0.0,0.0,0.0,0.0,0.0,0.0,0.0
196,0.0,0.0,0.0,0.0,0.0,0.0,0.0,0.0
197,0.0,0.0,0.0,0.0,0.0,0.0,0.0,0.0
198,0.0,0.0,0.0,0.0,0.0,0.0,0.0,0.0
199,0.0,0.0,0.0,0.0,0.0,0.0,0.0,0.0
200,0.0,0.0,0.0,0.0,0.0,0.0,0.0,0.0
201,0.0,0.0,0.0,0.0,0.0,0.0,0.0,0.0
202,0.0,0.0,0.058823529411764705,0.012242719299400115,0.14285714285714285,0.3463266280274966,0.06722689075630252,0.11952311577563224
203,0.0,0.0,0.058823529411764705,0.09607124955088743,0.0,0.0,0.0196078431372549,0.03202374985029581
204,0.0,0.0,0.0,0.0,0.0,0.0,0.0,0.0
205,0.07692307692307693,0.03447373454873924,0.0,0.0,0.0,0.0,0.025641025641025644,0.011491244849579746
206,0.0,0.0,0.0,0.0,0.14285714285714285,0.3463266280274966,0.047619047619047616,0.11544220934249887
207,0.0,0.0,0.0,0.0,0.14285714285714285,0.3463266280274966,0.047619047619047616,0.11544220934249887
208,0.0,0.0,0.0,0.0,0.0,0.0,0.0,0.0
209,0.0,0.0,0.0,0.0,0.0,0.0,0.0,0.0
210,0.0,0.0,0.0,0.0,0.0,0.0,0.0,0.0
211,0.0,0.0,0.058823529411764705,0.09513194463549385,0.0,0.0,0.0196078431372549,0.03171064821183128
212,0.0,0.0,0.0,0.0,0.0,0.0,0.0,0.0
213,0.0,0.0,0.058823529411764705,0.09513194463549385,0.0,0.0,0.0196078431372549,0.03171064821183128
214,0.0,0.0,0.0,0.0,0.0,0.0,0.0,0.0
215,0.0,0.0,0.058823529411764705,0.012242719299400115,0.0,0.0,0.0196078431372549,0.004080906433133372
216,0.0,0.0,0.0,0.0,0.0,0.0,0.0,0.0
217,0.0,0.0,0.0,0.0,0.0,0.0,0.0,0.0
218,0.0,0.0,0.0,0.0,0.0,0.0,0.0,0.0
219,0.0,0.0,0.0,0.0,0.0,0.0,0.0,0.0
220,0.0,0.0,0.11764705882352941,0.146399111479329,0.0,0.0,0.0392156862745098,0.048799703826443
221,0.0,0.0,0.058823529411764705,0.006589435419935618,0.0,0.0,0.0196078431372549,0.0021964784733118727
222,0.0,0.0,0.0,0.0,0.0,0.0,0.0,0.0
223,0.07692307692307693,0.03447373454873924,0.11764705882352941,0.09755160225262578,0.0,0.0,0.06485671191553545,0.044008445600455005
224,0.0,0.0,0.058823529411764705,0.09607124955088743,0.0,0.0,0.0196078431372549,0.03202374985029581
225,0.0,0.0,0.0,0.0,0.0,0.0,0.0,0.0
226,0.07692307692307693,0.03447373454873924,0.11764705882352941,0.09849090716801936,0.0,0.0,0.06485671191553545,0.04432154723891953
227,0.0,0.0,0.11764705882352941,0.146399111479329,0.14285714285714285,0.12123394078274453,0.0868347338935574,0.08921101742069117
228,0.07692307692307693,0.022298435507455687,0.058823529411764705,0.0068657941399782475,0.0,0.0,0.04524886877828055,0.009721409882477978
229,0.0,0.0,0.058823529411764705,0.1674607247695476,0.14285714285714285,0.12123394078274453,0.06722689075630252,0.09623155518409737
230,0.0,0.0,0.058823529411764705,0.0024196576171319276,0.14285714285714285,0.12123394078274453,0.06722689075630252,0.041217866133292154
231,0.0,0.0,0.058823529411764705,0.0024196576171319276,0.0,0.0,0.0196078431372549,0.0008065525390439759
232,0.07692307692307693,0.03447373454873924,0.23529411764705882,0.1776706472579708,0.0,0.0,0.10407239819004525,0.07071479393557001
233,0.07692307692307693,0.03447373454873924,0.17647058823529413,0.010202288870135443,0.0,0.0,0.08446455505279034,0.01489200780629156
234,0.07692307692307693,0.03447373454873924,0.23529411764705882,0.022452641787823347,0.0,0.0,0.10407239819004525,0.018975458778854194
235,0.07692307692307693,0.03447373454873924,0.29411764705882354,0.029034443589471177,0.14285714285714285,0.12123394078274453,0.17129928894634774,0.06158070630698498
236,0.07692307692307693,0.03447373454873924,0.058823529411764705,0.0024196576171319276,0.0,0.0,0.04524886877828055,0.012297797388623723
237,0.0,0.0,0.17647058823529413,0.010209922488423232,0.0,0.0,0.05882352941176471,0.0034033074961410774
238,0.0,0.0,0.23529411764705882,0.016791724290071062,0.0,0.0,0.0784313725490196,0.005597241430023687
239,0.0,0.0,0.23529411764705882,0.01707571662840148,0.0,0.0,0.0784313725490196,0.0056919055428004935
240,0.0,0.0,0.11764705882352941,0.003620487068487613,0.14285714285714285,0.12123394078274453,0.0868347338935574,0.04161814261707738
241,0.0,0.0,0.11764705882352941,0.014662376916532043,0.0,0.0,0.0392156862745098,0.004887458972177347
242,0.0,0.0,0.11764705882352941,0.09849090716801936,0.0,0.0,0.0392156862745098,0.03283030238933979
243,0.0,0.0,0.35294117647058826,0.28597698248997055,0.14285714285714285,0.12123394078274453,0.16526610644257703,0.13573697442423835
244,0.07692307692307693,0.03447373454873924,0.29411764705882354,0.34984502496511044,0.14285714285714285,0.12123394078274453,0.17129928894634774,0.16851756676553142
245,0.07692307692307693,0.022298435507455687,0.23529411764705882,0.1163761233536737,0.0,0.0,0.10407239819004525,0.046224852953709795
246,0.07692307692307693,0.03447373454873924,0.17647058823529413,0.01586320636788773,0.0,0.0,0.08446455505279034,0.016778980305542323
247,0.07692307692307693,0.022298435507455687,0.4117647058823529,0.26814584208716213,0.0,0.0,0.16289592760180996,0.09681475919820594
248,0.07692307692307693,0.022298435507455687,0.4117647058823529,0.07841862567271428,0.0,0.0,0.16289592760180996,0.03357235372672332
249,0.23076923076923078,0.19423343808585267,0.47058823529411764,0.24587935044226195,0.14285714285714285,0.3463266280274966,0.2814048696401637,0.26214647218520376
250,0.15384615384615385,0.15685877240332244,0.35294117647058826,0.17301389745166823,0.14285714285714285,0.3463266280274966,0.2165481577246283,0.22539976596082908
251,0.38461538461538464,0.3750708461423448,0.17647058823529413,0.11395646573654178,0.0,0.0,0.1870286576168929,0.16300910395962886
252,0.38461538461538464,0.34860205142676637,0.23529411764705882,0.06376256666144474,0.0,0.0,0.20663650075414783,0.13745487269607037
253,0.07692307692307693,0.03447373454873924,0.29411764705882354,0.0293108023095138,0.0,0.0,0.12368024132730016,0.021261512286084347
254,0.23076923076923078,0.1791572079107781,0.23529411764705882,0.040779332154230935,0.0,0.0,0.15535444947209653,0.07331218002166968
255,0.07692307692307693,0.03447373454873924,0.17647058823529413,0.02569794885931398,0.0,0.0,0.08446455505279034,0.020057227802684405
256,0.15384615384615385,0.11077584032019805,0.17647058823529413,0.02569031524102619,0.14285714285714285,0.12123394078274453,0.15772462831286363,0.08590003211465626
257,0.15384615384615385,0.198687143626042,0.11764705882352941,0.018824521101047945,0.14285714285714285,0.12123394078274453,0.13811678517560871,0.11291520183661148
258,0.3076923076923077,0.3263036159193107,0.0,0.0,0.0,0.0,0.10256410256410257,0.10876787197310356
259,0.15384615384615385,0.18901950838675272,0.058823529411764705,0.006581801801647829,0.0,0.0,0.0708898944193062,0.06520043672946685
260,0.5384615384615384,0.5834211455645769,0.17647058823529413,0.02030934289073405,0.14285714285714285,0.12123394078274453,0.28592975651799185,0.2416548097460185
261,0.6153846153846154,0.6057195810720326,0.058823529411764705,0.0024196576171319276,0.14285714285714285,0.12123394078274453,0.2723550958845076,0.24312439315730303
262,0.5384615384615384,0.5834211455645769,0.058823529411764705,0.0024196576171319276,0.0,0.0,0.19909502262443438,0.19528026772723628
263,0.38461538461538464,0.3750708461423448,0.0,0.0,0.14285714285714285,0.12123394078274453,0.17582417582417584,0.1654349289750298
264,0.23076923076923078,0.2039185780647275,0.0,0.0,0.14285714285714285,0.3463266280274966,0.12454212454212454,0.183415068697408
265,0.23076923076923078,0.23316087817478126,0.0,0.0,0.0,0.0,0.07692307692307693,0.07772029272492709
266,0.3076923076923077,0.3263036159193107,0.0,0.0,0.14285714285714285,0.12123394078274453,0.15018315018315018,0.14917918556735174
267,0.07692307692307693,0.03447373454873924,0.0,0.0,0.0,0.0,0.025641025641025644,0.011491244849579746
268,0.0,0.0,0.0,0.0,0.0,0.0,0.0,0.0
269,0.07692307692307693,0.022298435507455687,0.0,0.0,0.14285714285714285,0.12123394078274453,0.07326007326007326,0.04784412543006674
270,0.0,0.0,0.0,0.0,0.14285714285714285,0.3463266280274966,0.047619047619047616,0.11544220934249887
271,0.07692307692307693,0.022298435507455687,0.0,0.0,0.14285714285714285,0.12123394078274453,0.07326007326007326,0.04784412543006674
272,0.0,0.0,0.0,0.0,0.0,0.0,0.0,0.0
273,0.0,0.0,0.058823529411764705,0.09607124955088743,0.0,0.0,0.0196078431372549,0.03202374985029581
274,0.0,0.0,0.058823529411764705,0.09607124955088743,0.14285714285714285,0.12123394078274453,0.06722689075630252,0.07243506344454399
275,0.0,0.0,0.058823529411764705,0.1674607247695476,0.2857142857142857,0.3864796155950627,0.11484593837535013,0.1846467801215368
276,0.07692307692307693,0.022298435507455687,0.11764705882352941,0.013447595941626075,0.0,0.0,0.06485671191553545,0.011915343816360587
277,0.0,0.0,0.0,0.0,0.14285714285714285,0.12123394078274453,0.047619047619047616,0.040411313594248176
278,0.0,0.0,0.0,0.0,0.14285714285714285,0.12123394078274453,0.047619047619047616,0.040411313594248176
279,0.0,0.0,0.058823529411764705,0.1674607247695476,0.14285714285714285,0.3463266280274966,0.06722689075630252,0.17126245093234807
280,0.0,0.0,0.29411764705882354,0.18453644139794906,0.14285714285714285,0.12123394078274453,0.14565826330532214,0.10192346072689785
281,0.0,0.0,0.11764705882352941,0.16988038238667952,0.14285714285714285,0.12123394078274453,0.0868347338935574,0.09703810772314135
282,0.0,0.0,0.29411764705882354,0.18991336655737093,0.42857142857142855,0.7328062436225593,0.24089635854341737,0.30757320339331007
283,0.0,0.0,0.35294117647058826,0.25618711512609244,0.2857142857142857,0.3864796155950627,0.21288515406162464,0.21422224357371836
284,0.0,0.0,0.4117647058823529,0.2919111053328431,0.14285714285714285,0.12123394078274453,0.18487394957983194,0.13771501537186254
285,0.0,0.0,0.29411764705882354,0.02931843592780159,0.14285714285714285,0.12123394078274453,0.14565826330532214,0.05018412557018204
286,0.0,0.0,0.058823529411764705,0.012242719299400115,0.2857142857142857,0.3864796155950627,0.11484593837535013,0.13290744496482096
287,0.0,0.0,0.23529411764705882,0.11759942060739773,0.14285714285714285,0.12123394078274453,0.12605042016806722,0.07961112046338076
288,0.0,0.0,0.11764705882352941,0.13765033257875872,0.14285714285714285,0.3463266280274966,0.0868347338935574,0.16132565353541842
289,0.0,0.0,0.11764705882352941,0.013447595941626075,0.14285714285714285,0.12123394078274453,0.0868347338935574,0.0448938455747902
290,0.0,0.0,0.17647058823529413,0.014372066672939133,0.2857142857142857,0.6115723028398148,0.15406162464985995,0.20864812317091797
291,0.0,0.0,0.0,0.0,0.2857142857142857,0.3864796155950627,0.09523809523809523,0.12882653853168757
292,0.0,0.0,0.29411764705882354,0.1955706976277057,0.14285714285714285,0.12123394078274453,0.14565826330532214,0.10560154613681676
293,0.0,0.0,0.29411764705882354,0.029034443589471177,0.0,0.0,0.09803921568627451,0.00967814786315706
294,0.0,0.0,0.4117647058823529,0.13197148728033686,0.14285714285714285,0.3463266280274966,0.18487394957983194,0.15943270510261115
295,0.0,0.0,0.17647058823529413,0.021244178718179872,0.14285714285714285,0.2652456748123182,0.10644257703081232,0.09549661784349935
296,0.0,0.0,0.23529411764705882,0.022445008169535558,0.14285714285714285,0.12123394078274453,0.12605042016806722,0.04789298298409336
297,0.0,0.0,0.0,0.0,0.0,0.0,0.0,0.0
298,0.0,0.0,0.0,0.0,0.14285714285714285,0.2652456748123182,0.047619047619047616,0.0884152249374394
299,0.0,0.0,0.0,0.0,0.0,0.0,0.0,0.0
