,RMT_Max_Eigen
2016-03-02,21.982885058491842
2016-03-03,22.42757151729414
2016-03-04,22.28482746985901
2016-03-07,22.12641862362159
2016-03-08,22.07709757120214
2016-03-09,22.035465020924875
2016-03-10,21.937104699766376
2016-03-11,21.94835123938789
2016-03-14,21.908505600469628
2016-03-15,21.880037863299354
2016-03-16,21.815462732391783
2016-03-17,21.682980335610818
2016-03-18,21.64996862484982
2016-03-22,21.607173916360356
2016-03-23,21.635981975779494
2016-03-24,21.634347177171456
2016-03-25,21.558204421950112
2016-03-28,21.537371936952447
2016-03-29,21.572531605971562
2016-03-30,21.51368076982983
2016-03-31,21.52781523281084
2016-04-01,21.334199155993105
2016-04-04,21.531676275077132
2016-04-05,21.505451029865128
2016-04-06,21.55762058578808
2016-04-07,21.579491631656875
2016-04-08,21.38096040290316
2016-04-11,21.01770254702635
2016-04-12,20.853326297933773
2016-04-13,20.78286138950247
2016-04-14,20.9531371155768
2016-04-15,21.209426540304094
2016-04-18,21.019653919420445
2016-04-19,21.206242794522616
2016-04-20,20.865310977676263
2016-04-21,20.820162397673695
2016-04-22,20.831287309294126
2016-04-25,20.662262665217337
2016-04-26,20.663199749057476
2016-04-27,21.066135745851017
2016-04-28,21.527105228168505
2016-05-02,21.572646627768908
2016-05-06,21.62323496146033
2016-05-09,21.736788504890672
2016-05-10,21.75641583244833
2016-05-11,21.876051523261058
2016-05-12,21.006821936727246
2016-05-13,20.927250851608814
2016-05-16,20.205399356413988
2016-05-17,18.118524263995265
2016-05-18,18.332581607329665
2016-05-19,18.443893442373298
2016-05-20,18.218845028192344
2016-05-23,18.098455004262924
2016-05-24,18.164881096846653
2016-05-25,18.308759663315445
2016-05-26,18.319079664730182
2016-05-27,18.286264150216255
2016-05-30,18.360267243566863
2016-05-31,18.412543595125367
2016-06-01,18.49728238552989
2016-06-02,17.696929393695232
2016-06-03,18.07229839659472
2016-06-06,18.146449948772002
2016-06-07,18.156043621765367
2016-06-08,18.187895437245782
2016-06-09,18.329664155260534
2016-06-10,18.334853997113537
2016-06-13,18.374987103648262
2016-06-14,18.883147226756357
2016-06-15,18.920366182492327
2016-06-16,18.92426618946493
2016-06-17,19.257951925376602
2016-06-20,19.274908931521026
2016-06-21,19.3824101488937
2016-06-22,19.446669217157382
2016-06-23,19.67171636220669
2016-06-24,19.751837438152364
2016-06-27,21.74245028716658
2016-06-28,21.345812146906006
2016-06-29,21.229475985680903
2016-06-30,21.421509892664133
2016-07-01,21.062181783316348
2016-07-04,21.100670507619625
2016-07-05,20.989296912935753
2016-07-06,21.011136899600473
2016-07-07,21.129617047748628
2016-07-08,21.318365851129776
2016-07-11,21.212414819734054
2016-07-12,21.652920138398162
2016-07-13,21.4813867195469
2016-07-14,21.002380198938422
2016-07-15,20.927133381123877
2016-07-19,19.986360274523555
2016-07-20,19.36371877273927
2016-07-21,19.39012356293522
2016-07-22,19.119386813227482
2016-07-25,19.13608312258665
2016-07-26,19.11967974315772
2016-07-27,19.17017275576955
2016-07-28,19.081805896690916
2016-07-29,19.099916962711674
2016-08-01,18.47230043198305
2016-08-02,18.203859074503253
2016-08-03,18.310717793158442
2016-08-04,17.911170322589975
2016-08-05,17.785598919550544
2016-08-08,17.82477206591881
2016-08-09,17.903815027853824
2016-08-10,17.91967457696625
2016-08-12,17.76991223500519
2016-08-15,17.842387450496712
2016-08-16,17.817385293482563
2016-08-17,17.89760879623607
2016-08-18,17.810216634625533
2016-08-19,17.789189825009018
2016-08-22,17.690940415510127
2016-08-23,17.739957707837284
2016-08-24,17.649699116769906
2016-08-25,17.608665658056616
2016-08-26,17.497291816988135
2016-08-29,17.420793940606654
2016-08-30,17.27208786714488
2016-08-31,17.302248624040022
2016-09-01,17.272819356349522
2016-09-02,17.245506734041623
2016-09-05,17.154036841965837
2016-09-06,17.022541656198644
2016-09-07,17.017422473821235
2016-09-08,16.34850388068585
2016-09-09,16.30324583423172
2016-09-12,16.325864739753982
2016-09-13,16.105108718370317
2016-09-14,16.061877314087507
2016-09-15,15.910185256709234
2016-09-16,15.933019627807633
2016-09-20,15.895820691296368
2016-09-21,15.803808817722555
2016-09-23,12.225342162606225
2016-09-26,12.483830157768907
2016-09-27,12.642692564062378
2016-09-28,12.365826698208425
2016-09-29,12.475227878329282
2016-09-30,12.55086903751496
2016-10-03,12.742237824503771
2016-10-04,12.722280097194522
2016-10-05,12.490272749935007
2016-10-06,12.411249581577362
2016-10-07,12.369400508325313
2016-10-11,11.172486177766412
2016-10-12,10.731578426902681
2016-10-13,10.851764365607362
2016-10-14,10.887465330894361
2016-10-17,11.226121389164375
2016-10-18,11.23531952954701
2016-10-19,11.243369630335508
2016-10-20,11.272201890328617
2016-10-21,11.290720205939593
2016-10-24,11.39691644767276
2016-10-25,11.273139204369771
2016-10-26,11.535079013265932
2016-10-27,11.390011885256596
2016-10-28,11.657312304345647
2016-10-31,12.064063357193778
2016-11-01,11.770903084776004
2016-11-02,11.824492246493316
2016-11-04,12.250407709156635
2016-11-07,12.758534823202
2016-11-08,12.371320556376162
2016-11-09,12.33871865128379
2016-11-10,14.833106257738988
2016-11-11,17.643539173931774
2016-11-14,17.380622631554303
2016-11-15,17.293492479597095
2016-11-16,17.286324485265098
2016-11-17,17.165726573748696
2016-11-18,17.320979876475583
2016-11-21,17.21118464551463
2016-11-22,17.332832311736304
2016-11-24,17.335144044094154
2016-11-25,17.13976512198969
2016-11-28,17.00707628042478
2016-11-29,16.76011462916437
2016-11-30,16.732952989860376
2016-12-01,16.766347240204322
2016-12-02,16.799948359860686
2016-12-05,16.764552716598637
2016-12-06,16.894989825972853
2016-12-07,16.801682884702902
2016-12-08,16.73692790667373
2016-12-09,16.82555160113942
2016-12-12,16.822236091578585
2016-12-13,16.366980463075937
2016-12-14,16.254094524061927
2016-12-15,16.080774301727743
2016-12-16,16.01028778061943
2016-12-19,15.999193653912322
2016-12-20,16.01882005791861
2016-12-21,15.745913221576352
2016-12-22,15.90863976233495
2016-12-26,15.867554697854239
2016-12-27,15.73651704071272
2016-12-28,15.70370656469294
2016-12-29,15.632211796021847
2016-12-30,15.577436656278142
2017-01-04,15.585075488197
2017-01-05,15.740821691326
2017-01-06,15.755133523914765
2017-01-10,15.655134851466515
2017-01-11,15.727306200863007
2017-01-12,15.839051704162932
2017-01-13,15.725755233539646
2017-01-16,15.577061655305123
2017-01-17,15.7132906496603
2017-01-18,15.881990966261798
2017-01-19,15.899395502406605
2017-01-20,15.932743661310734
2017-01-23,15.950169084934297
2017-01-24,16.022811649147467
2017-01-25,16.005758560945548
2017-01-26,16.084743562985967
2017-01-27,16.260821845855734
2017-01-30,16.275099272191934
2017-01-31,16.41978611942582
2017-02-01,16.7326033096743
2017-02-02,16.771686467823187
2017-02-03,16.41809277865858
2017-02-06,15.944912797664895
2017-02-07,15.867808521416908
2017-02-08,15.858325724142023
2017-02-09,13.687067877595785
2017-02-10,9.10119158933161
2017-02-13,9.72793109640899
2017-02-14,9.544945885029273
2017-02-15,9.845017828943677
2017-02-16,10.031278498849778
2017-02-17,10.057323375069801
2017-02-20,10.301478290886354
2017-02-21,10.217534272613273
2017-02-22,10.268136351945765
2017-02-23,10.468427614154562
2017-02-24,10.591318034857478
2017-02-27,10.73818695206817
2017-02-28,10.92463843222521
2017-03-01,10.93721780233266
2017-03-02,11.13140658643312
2017-03-03,11.59800500246124
2017-03-06,11.588926117105903
2017-03-07,11.743969011067064
2017-03-08,11.834449800620233
2017-03-09,11.731272111068726
2017-03-10,11.599186125973548
2017-03-13,12.008986762207574
2017-03-14,12.08541700737474
2017-03-15,12.328165616357884
2017-03-16,12.418406714285567
2017-03-17,12.493041824333494
2017-03-21,12.528193279392346
2017-03-22,12.58074516775499
2017-03-23,13.355899978458792
2017-03-24,13.358149850771484
2017-03-27,13.510224262999175
2017-03-28,13.68698623954359
2017-03-29,14.078339707372917
2017-03-30,13.737774123542112
2017-03-31,13.707421167568464
2017-04-03,13.232734684528037
2017-04-04,13.180865927821474
2017-04-05,13.34557069315928
2017-04-06,13.236148211371432
2017-04-07,13.59053745766708
2017-04-10,13.505629196077003
2017-04-11,13.481006151890288
2017-04-12,13.385495738819339
2017-04-13,13.20923637971927
2017-04-14,13.34326314223466
2017-04-17,13.308759645705736
2017-04-18,13.305093049464286
2017-04-19,13.226472309675497
2017-04-20,13.3431096316318
2017-04-21,13.052437209994853
2017-04-24,12.94105018279643
2017-04-25,13.226012925714665
2017-04-26,13.20898527440492
2017-04-27,13.091640438681896
2017-04-28,13.183647981535117
2017-05-01,13.246455901609968
2017-05-02,13.148884859084305
2017-05-08,13.319500223125637
2017-05-09,14.348201873544436
2017-05-10,14.33047191101214
2017-05-11,14.368921023632243
2017-05-12,13.765695585110594
2017-05-15,13.854568745772534
2017-05-16,13.392364473254581
2017-05-17,13.120400178307472
2017-05-18,13.128680156266109
2017-05-19,13.4379075912432
2017-05-22,13.315125921644524
2017-05-23,13.296404093467276
2017-05-24,13.350247959968911
2017-05-25,13.338608714452189
2017-05-26,13.290185935301592
2017-05-29,13.260570979805713
2017-05-30,13.27080114787241
2017-05-31,12.940576256004743
2017-06-01,12.778586762223961
2017-06-02,12.853250219300264
2017-06-05,13.216479472574857
2017-06-06,13.095312952589676
2017-06-07,13.183391087631776
2017-06-08,13.157809277636465
2017-06-09,12.819131678764277
2017-06-12,12.692084138259828
2017-06-13,12.57866996304409
2017-06-14,12.565251728652527
2017-06-15,12.591696338272918
2017-06-16,12.543517565163837
2017-06-19,12.579594030438159
2017-06-20,11.843119516087379
2017-06-21,11.907290583866258
2017-06-22,11.77328426724519
2017-06-23,11.51031862940916
2017-06-26,11.212133309732291
2017-06-27,11.284566384440895
2017-06-28,11.255454583695972
2017-06-29,10.759749184000524
2017-06-30,10.87483612905171
2017-07-03,10.935665621451665
2017-07-04,11.104068784087843
2017-07-05,10.439644980983514
2017-07-06,10.525236478584942
2017-07-07,10.5747594953794
2017-07-10,10.558211251089286
2017-07-11,10.204279161243822
2017-07-12,9.941430238060004
2017-07-13,9.91723975354418
2017-07-14,9.919742957411298
2017-07-18,9.794775118295588
2017-07-19,9.872753327758337
2017-07-20,9.932978589693992
2017-07-21,9.77116666543763
2017-07-24,9.61135482308794
2017-07-25,9.702949182340019
2017-07-26,9.482346340827405
2017-07-27,9.483238064896494
2017-07-28,9.558530337124663
2017-07-31,9.421917857646159
2017-08-01,9.198631180920849
2017-08-02,7.983686036900939
2017-08-03,7.947473726917269
2017-08-04,7.990516166420359
2017-08-07,8.05191393850875
2017-08-08,7.968672272501635
2017-08-09,8.053467428506835
2017-08-10,8.404263515173934
2017-08-14,8.322067065796691
2017-08-15,7.880178392172661
2017-08-16,8.263053591037156
2017-08-17,8.223865861638464
2017-08-18,8.222918738791032
2017-08-21,8.462930104621035
2017-08-22,8.567306914961074
2017-08-23,8.463578312703655
2017-08-24,8.441293000540098
2017-08-25,8.491480518214985
2017-08-28,8.596036942038134
2017-08-29,8.481157469114388
2017-08-30,7.335890319904911
2017-08-31,7.622713177758122
2017-09-01,7.6806594511272
2017-09-04,7.690644554362151
2017-09-05,8.055973295270997
2017-09-06,8.272468649765282
2017-09-07,8.357363205698395
2017-09-08,8.34666322095212
2017-09-11,8.292744665296764
2017-09-12,8.949302256110851
2017-09-13,9.03118006110341
2017-09-14,9.00714188587624
2017-09-15,8.930203606329997
2017-09-19,9.037905132764054
2017-09-20,10.274843252716796
2017-09-21,10.1542994285471
2017-09-22,10.086348192451059
2017-09-25,10.043236256696412
2017-09-26,10.434997246191248
2017-09-27,10.318234230968962
2017-09-28,10.26218029451084
2017-09-29,10.306847833469462
2017-10-02,10.415679925701994
2017-10-03,10.324741007540414
2017-10-04,10.405937483494899
2017-10-05,10.431637134628714
2017-10-06,10.588493851541715
2017-10-10,10.428136568674827
2017-10-11,10.203674350455236
2017-10-12,10.211524433096573
2017-10-13,10.18292314320258
2017-10-16,10.186191449574771
2017-10-17,10.327954284630676
2017-10-18,10.305480405971553
2017-10-19,10.305109508160166
2017-10-20,10.061840630824827
2017-10-23,10.054217526022407
2017-10-24,10.187425680244383
2017-10-25,10.34976020197261
2017-10-26,10.460066053672435
2017-10-27,10.725196242287385
2017-10-30,11.274560083771751
2017-10-31,11.424142335570856
2017-11-01,11.143665157399733
2017-11-02,11.060511104790464
2017-11-06,10.829590838225027
2017-11-07,10.49945644523183
2017-11-08,10.33361278598059
2017-11-09,10.296786531500524
2017-11-10,9.73943331632783
2017-11-13,9.539070688098139
2017-11-14,9.953677128354771
2017-11-15,9.94633054892132
2017-11-16,10.668482733903746
2017-11-17,10.73710679389227
2017-11-20,10.696684878922223
2017-11-21,10.890036008254912
2017-11-22,10.75395120039245
2017-11-24,10.710152426088943
2017-11-27,10.64739450764276
2017-11-28,10.661912399542198
2017-11-29,10.539585223642248
2017-11-30,10.328888722137863
2017-12-01,9.989671978844383
2017-12-04,9.65479482744886
2017-12-05,9.608499855335053
2017-12-06,9.586782098283061
2017-12-07,10.24458331330571
2017-12-08,10.438357871375405
2017-12-11,10.220063761539208
2017-12-12,10.135073635654669
2017-12-13,10.088629800548908
2017-12-14,9.895808752966953
2017-12-15,9.843954363072093
2017-12-18,9.226609963707341
2017-12-19,9.83080385626172
2017-12-20,9.78062623978009
2017-12-21,9.708887285908594
2017-12-22,9.68733894885179
2017-12-25,9.655899242135945
2017-12-26,9.51775433992253
2017-12-27,9.578894409211653
2017-12-28,9.451090100901238
2017-12-29,9.679723448139923
2018-01-04,9.615033617246008
2018-01-05,11.202423944575559
2018-01-09,11.233398325026462
2018-01-10,11.253782113712179
2018-01-11,11.349468610216611
2018-01-12,11.33921335271151
2018-01-15,11.441916541769125
2018-01-16,11.454977486764555
2018-01-17,11.398632558957894
2018-01-18,11.394387002333213
2018-01-19,11.463337963490671
2018-01-22,11.47022159630173
2018-01-23,11.412548708033702
2018-01-24,11.460183267144966
2018-01-25,11.38645056718435
2018-01-26,11.54545811946874
2018-01-29,11.482598947558145
2018-01-30,11.24375653885185
2018-01-31,11.598547410920652
2018-02-01,11.802358772779513
2018-02-02,12.598868506238189
2018-02-05,12.501952786340208
2018-02-06,13.158020051980829
2018-02-07,15.40177645776756
2018-02-08,15.31040792613498
2018-02-09,15.46040139802004
2018-02-13,15.883615435718129
2018-02-14,15.719064826965862
2018-02-15,15.696082543845938
2018-02-16,15.454900568184138
2018-02-19,15.337116045824756
2018-02-20,15.820900125274514
2018-02-21,15.845699922367029
2018-02-22,15.736666404794907
2018-02-23,15.786020600080208
2018-02-26,15.77666642087885
2018-02-27,15.85857485177111
2018-02-28,16.06400083497181
2018-03-01,16.393162296619995
2018-03-02,16.880177583323448
2018-03-05,17.26491960228639
2018-03-06,17.097418820549933
2018-03-07,17.327442634479464
2018-03-08,17.23234726495381
2018-03-09,17.03775242406752
2018-03-12,16.91731992398992
2018-03-13,17.07190969839147
2018-03-14,17.15783000373494
2018-03-15,17.24207589782197
2018-03-16,17.33308662537894
2018-03-19,17.498481383333996
2018-03-20,17.256664473854403
2018-03-22,17.23313009270523
2018-03-23,17.263258623526784
2018-03-26,18.444631915687367
2018-03-27,18.45672533651702
2018-03-28,18.888563236332605
2018-03-29,18.83397770991849
2018-03-30,18.542534004879666
2018-04-02,18.52580717748783
2018-04-03,18.505027616006863
2018-04-04,17.82921934925294
2018-04-05,17.648281411043055
2018-04-06,17.805835691094714
2018-04-09,17.784615169645136
2018-04-10,17.84526953305307
2018-04-11,17.88657041396198
2018-04-12,17.79386719739743
2018-04-13,17.804570436405264
2018-04-16,17.791483164184328
2018-04-17,17.861394690653192
2018-04-18,17.85115703341801
2018-04-19,17.85377612155604
2018-04-20,17.72271182692648
2018-04-23,17.792490216808268
2018-04-24,17.73605547135626
2018-04-25,17.865271136565248
2018-04-26,17.77079144177861
2018-04-27,17.49828077445105
2018-05-01,17.364332242699867
2018-05-02,16.842238961791672
2018-05-07,17.00220813173016
2018-05-08,16.810907966647225
2018-05-09,14.946277899622814
2018-05-10,14.861323649892018
2018-05-11,14.790948721957095
2018-05-14,14.458981208429508
2018-05-15,14.478856398462868
2018-05-16,14.394285626611937
2018-05-17,14.230919400860753
2018-05-18,14.258580384073044
2018-05-21,13.656905061980948
2018-05-22,13.539532064913363
2018-05-23,13.655115393462241
2018-05-24,13.649766696471026
2018-05-25,13.766959123573061
2018-05-28,13.625658836624469
2018-05-29,13.448313749677434
2018-05-30,13.223440816977948
2018-05-31,13.031329353356421
2018-06-01,12.52140587773541
2018-06-04,12.534761808013517
2018-06-05,12.534999048327716
2018-06-06,12.374821650888576
2018-06-07,12.354065036720625
2018-06-08,12.358133800648043
2018-06-11,12.128456341080371
2018-06-12,12.10463349769508
2018-06-13,12.0698981513449
2018-06-14,12.062088242324096
2018-06-15,12.159733117771701
2018-06-18,11.906332898890819
2018-06-19,12.041527126756247
2018-06-20,12.393087470338328
2018-06-21,10.027680192016758
2018-06-22,9.882023121115104
2018-06-25,8.688992791533929
2018-06-26,8.493770384113489
2018-06-27,8.511575365338645
2018-06-28,8.304349841703809
2018-06-29,8.209245688972665
2018-07-02,8.137153530625502
2018-07-03,8.645126681634208
2018-07-04,8.15234219774351
2018-07-05,8.09538368745607
2018-07-06,8.196210285048497
2018-07-09,8.120376795070932
2018-07-10,8.450898600409534
2018-07-11,8.508695909027159
2018-07-12,8.558081716584878
2018-07-13,8.536362546628512
2018-07-17,8.822002221587836
2018-07-18,8.746603913968425
2018-07-19,8.780962209224166
2018-07-20,8.744811825233347
2018-07-23,8.824575391946142
2018-07-24,8.308274990408655
2018-07-25,8.372339007030646
2018-07-26,8.506905702102921
2018-07-27,8.701761823486505
2018-07-30,9.055601052265486
2018-07-31,9.022335271436978
2018-08-01,9.104293334686012
2018-08-02,9.466022427235973
2018-08-03,9.744646422453505
2018-08-06,9.65387422646989
2018-08-07,9.35494115027701
2018-08-08,9.383317088367685
2018-08-09,9.34802213049457
2018-08-10,9.371680693823839
2018-08-13,9.637580991808576
2018-08-14,10.30516100335915
2018-08-15,10.763397830105875
2018-08-16,10.827279845637445
2018-08-17,10.74702302419786
2018-08-20,10.636289230878036
2018-08-21,10.680842541181557
2018-08-22,10.655315650626019
2018-08-23,10.613809137116538
2018-08-24,10.18310315323228
2018-08-27,10.22269858373664
2018-08-28,10.519682687000374
2018-08-29,10.285048068459377
2018-08-30,10.356595710870609
2018-08-31,10.506567693623019
2018-09-03,10.477430564899258
2018-09-04,10.487417189322986
2018-09-05,10.482431022058126
2018-09-06,10.57201196584039
2018-09-07,10.6542109001179
2018-09-10,10.39980556584459
2018-09-11,10.519818153121443
2018-09-12,10.572715032965908
2018-09-13,10.097420894915377
2018-09-14,10.257972311335465
2018-09-18,10.763565984684565
2018-09-19,10.90521815883318
2018-09-20,11.124562836819917
2018-09-21,11.026659688729382
2018-09-25,11.087012035470726
2018-09-26,11.237055640232416
2018-09-27,11.050761155151084
2018-09-28,10.758072767128366
2018-10-01,10.894889831901194
2018-10-02,10.807523833754622
2018-10-03,10.681572741741798
2018-10-04,10.971367027233587
2018-10-05,10.626174750143404
2018-10-09,10.61549827731724
2018-10-10,11.137087824570813
2018-10-11,11.178145947108462
2018-10-12,12.927811085674044
2018-10-15,12.74936382916664
2018-10-16,13.053186365501414
2018-10-17,13.264005499224714
2018-10-18,13.46451266674593
2018-10-19,13.641453807569354
2018-10-22,13.636491050174223
2018-10-23,13.627467520969393
2018-10-24,14.26315759511238
2018-10-25,14.170184039811344
2018-10-26,15.216197487325266
2018-10-29,14.973633429832063
2018-10-30,14.880438511184062
2018-10-31,14.873216478151264
2018-11-01,15.386674760165697
2018-11-02,14.75598064463943
2018-11-05,14.783516578842063
2018-11-06,14.976064822202185
2018-11-07,15.111773656674677
2018-11-08,14.785687134706821
2018-11-09,14.768549963001506
2018-11-12,14.533611435555011
2018-11-13,14.444561446166878
2018-11-14,14.775214692065283
2018-11-15,14.704711137467616
2018-11-16,14.581531265723095
2018-11-19,14.467995340920023
2018-11-20,14.316873055342588
2018-11-21,14.268137975955636
2018-11-22,14.15686017043304
2018-11-26,14.0846266567648
2018-11-27,14.038906727927095
2018-11-28,13.968459361099855
2018-11-29,13.83644611425245
2018-11-30,13.805032259348138
2018-12-03,13.762152028003403
2018-12-04,13.793708107143384
2018-12-05,14.161280653345669
2018-12-06,14.10355516325625
2018-12-07,14.365368654538685
2018-12-10,14.308931002459055
2018-12-11,14.40850327733136
2018-12-12,14.417786048622183
2018-12-13,14.594042328682017
2018-12-14,14.41594058216462
2018-12-17,14.503653998049224
2018-12-18,14.38149452780796
2018-12-19,14.639557912577509
2018-12-20,14.674428128922319
2018-12-21,14.693497454567805
2018-12-25,14.87209960406154
2018-12-26,16.430614790309416
2018-12-27,16.415170429508997
2018-12-28,17.6252955292483
2019-01-04,17.59875447017984
2019-01-07,17.468952537264162
2019-01-08,18.182485433825757
2019-01-09,18.128596043747926
2019-01-10,18.14521195741778
2019-01-11,18.092442693452703
2019-01-15,17.411398673760598
2019-01-16,17.44835703848328
2019-01-17,17.38818119969976
2019-01-18,17.307613766637147
2019-01-21,17.174496625582726
2019-01-22,17.153412074024114
2019-01-23,17.195740844362714
2019-01-24,17.198162697606573
2019-01-25,16.944632575231072
2019-01-28,16.94767977824202
2019-01-29,16.445932965650194
2019-01-30,16.63856138349619
2019-01-31,16.676863519878562
2019-02-01,16.67273067624303
2019-02-04,16.033401146184232
2019-02-05,16.30225840861553
2019-02-06,16.082929842520123
2019-02-07,15.949137294773463
2019-02-08,15.657301394959617
2019-02-12,15.930036888789784
2019-02-13,15.993033258671066
2019-02-14,16.117681831122916
2019-02-15,16.16358480103095
2019-02-18,15.97016678899254
2019-02-19,16.156204530366104
2019-02-20,16.30414508620546
2019-02-21,16.42890250141457
2019-02-22,16.54213227411728
2019-02-25,16.61838643537902
2019-02-26,16.67419743453066
2019-02-27,16.67602535362009
2019-02-28,16.693068718379447
2019-03-01,16.824248659551294
2019-03-04,17.00568368115555
2019-03-05,17.115925101354627
2019-03-06,17.162982562889546
2019-03-07,17.1536125485944
2019-03-08,16.82578768643099
2019-03-11,17.077520754856163
2019-03-12,16.87991402225036
2019-03-13,17.06966894378112
2019-03-14,16.977097883819468
2019-03-15,17.098513794248767
2019-03-18,17.043607063820332
2019-03-19,17.074576539468165
2019-03-20,16.927400070275105
2019-03-22,16.866450407833963
2019-03-25,16.54100707743288
2019-03-26,16.970890957346825
2019-03-27,17.24139763384532
2019-03-28,17.032038537548164
2019-03-29,14.951817707521764
2019-04-01,14.812220908732746
2019-04-02,13.327810986581795
2019-04-03,13.185912656555342
2019-04-04,13.088125235964355
2019-04-05,12.089606389595096
2019-04-08,12.1707194342003
2019-04-09,12.133743470115395
2019-04-10,12.160122541574166
2019-04-11,12.359021321333907
2019-04-12,12.317433293057537
2019-04-15,12.193454863564614
2019-04-16,12.393591598270389
2019-04-17,12.349756962918065
2019-04-18,12.359273150672285
2019-04-19,12.134554826593739
2019-04-22,11.92879459850753
2019-04-23,11.999135169731801
2019-04-24,11.95577717137088
2019-04-25,11.934142800401785
2019-04-26,11.840484132882777
2019-05-07,11.784943109481553
2019-05-08,11.345348758476245
2019-05-09,12.254606459851871
2019-05-10,12.352656076112035
2019-05-13,12.453330013191664
2019-05-14,12.477864953886682
2019-05-15,12.454935110109275
2019-05-16,11.94222748113841
2019-05-17,11.227026769139863
2019-05-20,11.192173161478395
2019-05-21,11.095661639033224
2019-05-22,10.967499596917419
2019-05-23,10.705385617621754
2019-05-24,10.665675987641622
2019-05-27,10.559340276516275
2019-05-28,10.601277981841719
2019-05-29,10.648453476501842
2019-05-30,10.650599937492238
2019-05-31,10.51487588661283
2019-06-03,10.79299428443687
2019-06-04,10.75959398787986
2019-06-05,10.506060287465036
2019-06-06,11.101012604449895
2019-06-07,11.111240714889455
2019-06-10,11.167488030333002
2019-06-11,11.276541988788498
2019-06-12,10.938951572048312
2019-06-13,10.9012998214957
2019-06-14,10.665813863562395
2019-06-17,10.594214552468847
2019-06-18,10.586493502439794
2019-06-19,10.471948699330502
2019-06-20,10.829348866299568
2019-06-21,10.824853655169465
2019-06-24,10.873480029224858
2019-06-25,11.00413603844552
2019-06-26,10.203702520673115
2019-06-27,9.456250479258514
2019-06-28,9.847564491546928
2019-07-01,9.57802152332946
2019-07-02,10.272615551771779
2019-07-03,9.945322476451699
2019-07-04,10.13691363333434
2019-07-05,10.161811354043392
2019-07-08,10.198577904013765
2019-07-09,10.222776287477407
2019-07-10,10.175996589474343
2019-07-11,10.237313250604778
2019-07-12,10.165361242235692
2019-07-16,10.238371419509672
2019-07-17,10.272414943468387
2019-07-18,9.97844174127603
2019-07-19,10.472602129639844
2019-07-22,11.103147951993806
2019-07-23,11.167784342235162
2019-07-24,11.452087103685082
2019-07-25,11.485879513123495
2019-07-26,11.333691052660644
2019-07-29,11.293428062873126
2019-07-30,11.339416161837935
2019-07-31,11.39101483579267
2019-08-01,11.881413881717435
2019-08-02,11.226251261707985
2019-08-05,11.731971578162502
2019-08-06,12.3042099941102
2019-08-07,12.304645636586722
2019-08-08,12.337279366862099
2019-08-09,12.349549937095166
2019-08-13,12.538159952005744
2019-08-14,12.63630916585459
2019-08-15,12.871862810110104
2019-08-16,13.167538469255092
2019-08-19,13.125863633930717
2019-08-20,13.152453760785345
2019-08-21,13.34770362908726
2019-08-22,13.340438848870306
2019-08-23,13.331588210115022
2019-08-26,13.29306238941097
2019-08-27,13.82878602432963
2019-08-28,13.716343344511667
2019-08-29,13.689482262603772
2019-08-30,13.950613803912114
2019-09-02,13.684645516935166
2019-09-03,13.736158812456617
2019-09-04,13.639297351001016
2019-09-05,13.475653097951295
2019-09-06,13.808977647877013
2019-09-09,13.747190263148136
2019-09-10,13.760755791078468
2019-09-11,13.317262323645085
2019-09-12,13.355299644983965
2019-09-13,13.2807765632863
2019-09-17,12.943998288180609
2019-09-18,12.89777060386284
2019-09-19,12.84210219233261
2019-09-20,12.819472998601693
2019-09-24,12.726697363311072
2019-09-25,12.607720395042351
2019-09-26,12.345091712278741
2019-09-27,12.309342167761793
2019-09-30,11.760397152583884
2019-10-01,11.90615526589114
2019-10-02,12.005006422490096
2019-10-03,11.94893874355325
2019-10-04,12.294514267300974
2019-10-07,12.253404284082833
2019-10-08,12.268297285772807
2019-10-09,12.35335286241826
2019-10-10,12.398943596483258
2019-10-11,12.441074149886925
2019-10-15,12.55899602310501
2019-10-16,12.877930290163198
2019-10-17,12.499054340881187
2019-10-18,12.127270262708546
2019-10-21,12.134393905459959
2019-10-23,12.074735002214826
2019-10-24,11.981136377920283
2019-10-25,12.087374394058534
2019-10-28,12.08236820833738
2019-10-29,12.134227759209558
2019-10-30,12.250410794567138
2019-10-31,12.167631580754287
2019-11-01,12.191808736308841
2019-11-05,11.221325910985309
2019-11-06,10.899635164957225
2019-11-07,10.739373242488321
2019-11-08,10.750320867143248
2019-11-11,10.650543262376107
2019-11-12,10.5794326859665
2019-11-13,10.194231108809777
2019-11-14,10.236080705185158
2019-11-15,10.06190715274844
2019-11-18,10.10930201556806
2019-11-19,10.134296111570334
2019-11-20,10.158126653609868
2019-11-21,10.17608504052557
2019-11-22,10.162369843292913
2019-11-25,10.169535372964168
2019-11-26,9.527275036177638
2019-11-27,9.473677053990263
2019-11-28,9.466150555870554
2019-11-29,9.477517379013289
2019-12-02,9.33215022771612
2019-12-03,9.427578175912716
2019-12-04,9.516743252486197
2019-12-05,9.545157222697997
2019-12-06,9.155805996354344
2019-12-09,9.267421221421117
2019-12-10,9.244611181862593
2019-12-11,9.440787229598037
2019-12-12,9.212330531494631
2019-12-13,9.246804855007094
2019-12-16,9.876836726418688
2019-12-17,9.995312128828523
2019-12-18,9.943909745984987
2019-12-19,10.026894497564154
2019-12-20,10.06965582837474
2019-12-23,10.311506047941153
2019-12-24,10.408730531681226
2019-12-25,10.497719819883933
2019-12-26,10.349488803874435
2019-12-27,10.197620958516799
2019-12-30,10.106775839853556
2020-01-06,10.23036556384529
2020-01-07,9.962926234952604
2020-01-08,10.31819727309685
2020-01-09,10.806233599745884
2020-01-10,11.309963106748741
2020-01-14,11.130594445627704
2020-01-15,11.143064305093839
2020-01-16,11.21176004525611
2020-01-17,10.781251090530159
2020-01-20,10.641212655250653
2020-01-21,10.567318145362819
2020-01-22,10.712099236458679
2020-01-23,10.673255201157989
2020-01-24,10.979860526121142
2020-01-27,11.02228313414298
2020-01-28,11.673905318926865
2020-01-29,11.888873312924357
2020-01-30,11.88562525057585
2020-01-31,12.271574810355995
2020-02-03,12.442936221908841
2020-02-04,12.833896981678869
2020-02-05,12.48748327969612
2020-02-06,12.776329888254853
2020-02-07,14.128523367766169
2020-02-10,14.25129505853429
2020-02-12,14.318993791709387
2020-02-13,14.080582053798183
2020-02-14,13.942230035595633
2020-02-17,13.944538733034479
2020-02-18,13.927397592328115
2020-02-19,14.101315272340937
2020-02-20,14.030514508281799
2020-02-21,13.81038353315563
2020-02-25,13.771341583644409
2020-02-26,15.259378639055074
2020-02-27,15.125472326058015
2020-02-28,15.697762688570446
2020-03-02,17.064049329842423
2020-03-03,16.713834134676123
2020-03-04,16.825451330246647
2020-03-05,16.310361133245944
2020-03-06,16.39889540623041
2020-03-09,16.900132388410757
2020-03-10,18.631377803003815
2020-03-11,18.613080299236763
2020-03-12,18.526585286686032
2020-03-13,19.33335005287672
2020-03-16,19.996066217363396
2020-03-17,19.827915512408943
2020-03-18,19.10313533161572
2020-03-19,18.292587222274303
2020-03-23,16.826619828341283
2020-03-24,16.16122450161099
2020-03-25,16.475047895142144
2020-03-26,18.175044514778282
2020-03-27,17.985896943267765
2020-03-30,18.359492380325353
2020-03-31,18.215962842963165
2020-04-01,18.087805194056138
2020-04-02,18.289353175367964
2020-04-03,18.21379260471152
2020-04-06,18.170912951938043
2020-04-07,18.5403944711015
2020-04-08,18.49190223242414
2020-04-09,18.369298521587847
2020-04-10,18.33494181157019
2020-04-13,18.289136003893404
2020-04-14,18.30322101349171
2020-04-15,18.44785094542056
2020-04-16,18.373704453274982
2020-04-17,18.37398130736737
2020-04-20,18.375700569583852
2020-04-21,18.335683962879816
2020-04-22,18.307478467214114
2020-04-23,18.26638142732988
2020-04-24,18.2028158139011
2020-04-27,18.18763545912377
2020-04-28,18.152584122546216
2020-04-30,18.10773090216685
2020-05-01,17.92680948723665
2020-05-07,17.991356977012337
2020-05-08,17.911635336753527
2020-05-11,17.876085552406693
2020-05-12,17.64710759525968
2020-05-13,17.59791816032607
2020-05-14,17.557978339752797
2020-05-15,17.546179215102445
2020-05-18,17.545035697036045
2020-05-19,17.49055231623714
2020-05-20,17.489063549504202
2020-05-21,17.480094466985737
2020-05-22,17.476283798642093
2020-05-25,17.53449490651395
2020-05-26,17.578637306617665
2020-05-27,17.478428476859975
2020-05-28,17.466298774312524
2020-05-29,17.475197066189963
2020-06-01,17.138381334991323
2020-06-02,17.130307610182296
2020-06-03,17.049373414749702
2020-06-04,17.082192348703728
2020-06-05,17.05373875667629
2020-06-08,16.93259473774074
2020-06-09,16.17309000679581
2020-06-10,16.18191658420054
2020-06-11,16.150517779611246
2020-06-12,15.780482294014233
2020-06-15,15.231320317060653
2020-06-16,15.365022912705891
2020-06-17,15.939191922557185
2020-06-18,16.26752676718107
2020-06-19,17.203375272077185
2020-06-22,17.820467950184682
2020-06-23,17.834407194709087
2020-06-24,16.392876360716098
2020-06-25,16.483299226752038
2020-06-26,16.14506543428032
2020-06-29,16.09759917488421
2020-06-30,16.175882910464466
2020-07-01,15.489720135015112
2020-07-02,15.557762754587266
2020-07-03,15.614374662406698
2020-07-06,15.000325631281363
2020-07-07,15.107649063756051
2020-07-08,15.216637415752487
2020-07-09,15.252012272915104
2020-07-10,15.300444312688272
2020-07-13,15.217616760090142
2020-07-14,15.253346983995806
2020-07-15,15.343559404991755
2020-07-16,15.297075159258378
2020-07-17,15.203740429162487
2020-07-20,15.158709278896806
2020-07-21,15.077036946508803
2020-07-22,14.975406944498816
2020-07-27,14.975111288146131
2020-07-28,14.943385152982662
2020-07-29,14.857010631661776
2020-07-30,14.674513012387566
2020-07-31,14.83410098513592
2020-08-03,15.039931192076738
2020-08-04,15.114709827696885
2020-08-05,14.955942608251155
2020-08-06,14.988089141297735
2020-08-07,15.012107483758365
2020-08-11,15.03509889996626
2020-08-12,15.172103398642752
2020-08-13,15.25023988409447
2020-08-14,15.394922631259057
2020-08-17,15.377436115105812
2020-08-18,15.47365367981439
2020-08-19,15.46236867958733
2020-08-20,15.358142393092878
2020-08-21,15.32139013781303
2020-08-24,15.18045050160261
2020-08-25,15.177866878799854
2020-08-26,14.895914190998285
2020-08-27,14.963505625089384
2020-08-28,15.048822198077643
2020-08-31,14.89399505747612
2020-09-01,14.21416160167151
2020-09-02,14.19548768282923
2020-09-03,14.17534541965403
2020-09-04,14.335214895267654
2020-09-07,14.403934310848893
2020-09-08,14.349800280103953
2020-09-09,13.943347178780792
2020-09-10,14.028351349485776
2020-09-11,13.664726905346491
2020-09-14,12.157680240477504
2020-09-15,12.090725900026516
2020-09-16,12.073440514665606
2020-09-17,12.030059361197676
2020-09-18,12.040419150764603
2020-09-23,11.994761758711665
2020-09-24,11.929301160442321
2020-09-25,11.871140392223035
2020-09-28,11.790116879471887
2020-09-29,11.5750431397987
2020-09-30,11.421654724575095
2020-10-01,11.83118355778379
2020-10-02,11.870203123490603
2020-10-05,11.771260395021807
2020-10-06,11.71031864661209
2020-10-07,11.723984587103306
2020-10-08,11.632782725251628
2020-10-09,11.674705863164814
2020-10-12,11.473782727633521
2020-10-13,10.970465841467831
2020-10-14,10.94131228772973
2020-10-15,10.716197645403737
2020-10-16,10.791456934254748
2020-10-19,10.81512307076841
2020-10-20,10.999762216319564
2020-10-21,11.14350845863497
2020-10-22,11.149626117436576
2020-10-23,11.302988029539241
2020-10-26,11.369333074362817
2020-10-27,11.418538777761063
2020-10-28,11.435764650644135
2020-10-29,10.136408403982266
2020-10-30,9.841704579535328
2020-11-02,9.948185767814543
2020-11-04,10.442754161583201
2020-11-05,10.721314623619994
2020-11-06,10.595076655998133
2020-11-09,9.755749211478618
2020-11-10,9.772635382373052
2020-11-11,9.728162373855062
2020-11-12,10.225646648947409
2020-11-13,10.092386449067375
2020-11-16,10.352597242757419
2020-11-17,10.566523831833578
2020-11-18,10.43046545497443
2020-11-19,10.536569298914456
2020-11-20,10.471954986406088
2020-11-24,10.372779201990445
2020-11-25,10.601945455523445
2020-11-26,10.580432591486167
2020-11-27,10.59378001111888
2020-11-30,10.963236448024661
2020-12-01,11.545425641245162
2020-12-02,11.545438781471521
2020-12-03,11.417390434009183
2020-12-04,11.297347061357552
2020-12-07,11.21441175768489
2020-12-08,11.189416733785345
2020-12-09,11.060460529054847
2020-12-10,10.98614681406387
2020-12-11,10.904351445293646
2020-12-14,10.81214708827005
2020-12-15,10.7794946862107
2020-12-16,10.840475857419515
2020-12-17,10.814688723940138
2020-12-18,10.822412482624975
2020-12-21,10.8570451637268
2020-12-22,10.782166984649182
2020-12-23,10.930214008828226
2020-12-24,10.778504545012742
2020-12-25,10.843558851063259
2020-12-28,10.260420898072395
2020-12-29,10.232299700975025
2020-12-30,10.410618986790842
2021-01-04,10.442023993817381
2021-01-05,10.409081421284215
2021-01-06,10.4513624376105
2021-01-07,10.323999269653847
2021-01-08,10.543856676893297
2021-01-12,10.634097771157208
2021-01-13,10.594968556522746
2021-01-14,10.494809181235057
2021-01-15,10.427644226924063
2021-01-18,10.382097079576647
2021-01-19,10.43015558088456
2021-01-20,10.369078917104888
2021-01-21,10.330318247511542
2021-01-22,10.172843701496141
2021-01-25,10.19953301642064
2021-01-26,10.152993737009043
2021-01-27,10.139770125642265
2021-01-28,10.105375845831995
2021-01-29,10.353134439862476
2021-02-01,10.574762839713896
2021-02-02,10.29469649136169
2021-02-03,10.173396999870514
2021-02-04,10.3339053166732
2021-02-05,10.09895721193051
2021-02-08,10.202750237863178
2021-02-09,10.406260546489262
2021-02-10,9.934818271796955
2021-02-12,9.992285468440647
2021-02-15,9.599944559620813
2021-02-16,9.4732065401028
2021-02-17,9.599743397807133
2021-02-18,9.315674637409348
2021-02-19,9.428242233273203
2021-02-22,9.410903741688974
2021-02-24,9.13814244649774
2021-02-25,9.309109340317558
2021-02-26,9.507590556922105
2021-03-01,10.886409960255731
2021-03-02,10.804747993544716
2021-03-03,10.889242373136888
2021-03-04,10.94531440557398
2021-03-05,11.239626662053318
2021-03-08,11.158434869501733
2021-03-09,10.974375661167025
2021-03-10,10.942339381808349
2021-03-11,10.835428663593733
2021-03-12,10.939941322280776
2021-03-15,11.13461851601643
2021-03-16,11.085825805979203
2021-03-17,11.022426124499665
2021-03-18,11.043849607637314
2021-03-19,11.202378887656181
2021-03-22,11.156854955952657
2021-03-23,11.268852548519463
2021-03-24,11.088537130429398
2021-03-25,11.604555686114285
2021-03-26,11.650059658142935
2021-03-29,11.839071927591004
2021-03-30,11.793469387167066
2021-03-31,11.626164369995726
2021-04-01,11.49794850606249
2021-04-02,11.367431155178679
2021-04-05,11.27757256777903
2021-04-06,11.353015561250505
2021-04-07,11.456171609940249
2021-04-08,11.249727707339547
2021-04-09,11.403006597146915
2021-04-12,11.348420027272317
2021-04-13,11.381529101538833
2021-04-14,11.426509047305403
2021-04-15,11.403953588434838
2021-04-16,11.38503600535238
2021-04-19,11.420932582699967
2021-04-20,11.442176749754422
2021-04-21,11.68045228866828
2021-04-22,11.943404181694834
2021-04-23,12.229700632524324
2021-04-26,12.276193130397056
2021-04-27,12.058602869749926
2021-04-28,11.838218315311554
2021-04-30,11.779030603774956
2021-05-06,11.62557136038309
2021-05-07,11.865994001528545
2021-05-10,11.989311430289968
2021-05-11,11.896083835775976
2021-05-12,12.118979859112175
2021-05-13,12.238206219403919
2021-05-14,12.247046678766242
2021-05-17,12.633847814183145
2021-05-18,12.432276429648192
2021-05-19,12.586834196787052
2021-05-20,12.579390285987031
2021-05-21,12.582942819319756
2021-05-24,12.633075400581864
2021-05-25,12.71574713815902
2021-05-26,12.616368849500837
2021-05-27,12.484999406143764
2021-05-28,11.300097568006487
2021-05-31,11.30569133302467
2021-06-01,11.383232136844375
2021-06-02,11.361882336004902
2021-06-03,11.089478246882422
2021-06-04,11.294171597023578
2021-06-07,11.500127177296445
2021-06-08,11.513584654646245
2021-06-09,11.543909214653906
2021-06-10,11.606487949922528
2021-06-11,11.45480036314372
2021-06-14,11.41459677079057
2021-06-15,11.35817521961339
2021-06-16,11.488471203797221
2021-06-17,11.393388424181701
2021-06-18,11.547307145768263
2021-06-21,11.443003914995833
2021-06-22,12.175980424572115
2021-06-23,12.930135819168312
2021-06-24,12.860928049417472
2021-06-25,12.61235081683224
2021-06-28,12.740631369817828
2021-06-29,12.768281183161035
2021-06-30,12.9211097670056
2021-07-01,13.151225263883582
2021-07-02,13.258814376545752
2021-07-05,13.41671630514713
2021-07-06,13.128189036588797
2021-07-07,13.161008342915073
2021-07-08,13.260497088609771
2021-07-09,13.276791510692528
2021-07-12,13.288790954328785
2021-07-13,13.842090482670642
2021-07-14,13.924174354415847
2021-07-15,13.918113954315322
2021-07-16,14.067185007629702
2021-07-19,14.092553718083172
2021-07-20,13.900908316586412
2021-07-21,13.51109442021401
2021-07-26,13.212994999568334
2021-07-27,13.26041239666966
2021-07-28,13.344624234703277
2021-07-29,13.382847717548717
2021-07-30,13.36990704650179
2021-08-02,13.605052781095154
2021-08-03,13.746662955624203
2021-08-04,13.771108321239284
2021-08-05,13.717333381931363
2021-08-06,13.229083173483655
2021-08-10,13.209307504303402
2021-08-11,13.317348024306947
2021-08-12,12.980129354985166
2021-08-13,13.12436749063677
2021-08-16,12.65106825953939
2021-08-17,13.1407521014508
2021-08-18,13.275286953891067
2021-08-19,13.333666826944958
2021-08-20,13.317996245008963
2021-08-23,13.135836351941157
2021-08-24,13.489989490800301
2021-08-25,13.606898596479954
2021-08-26,13.229092144061378
2021-08-27,13.06547739934964
2021-08-30,13.239195948766092
2021-08-31,13.475973920500383
2021-09-01,13.502671790305044
2021-09-02,13.683788700116077
2021-09-03,13.66983083262728
2021-09-06,13.976116350758593
2021-09-07,14.139173448856848
2021-09-08,14.16592492247056
2021-09-09,14.158140628321478
2021-09-10,14.351844517273223
2021-09-13,14.372320411757121
2021-09-14,14.389963597339834
2021-09-15,14.246093610796683
2021-09-16,14.412126820143948
2021-09-17,13.466787100910441
2021-09-21,12.175641053929624
2021-09-22,12.722745865188463
2021-09-24,12.737713076419436
2021-09-27,13.251693487492187
2021-09-28,13.032834049131393
2021-09-29,12.861532718537278
2021-09-30,13.557309384209056
2021-10-01,13.266022222483178
2021-10-04,13.737063590605445
2021-10-05,13.698222862924183
2021-10-06,13.677779376931262
2021-10-07,13.195920371199865
2021-10-08,13.104631040099633
2021-10-11,13.163972940468495
2021-10-12,13.02403700103236
2021-10-13,12.974794858270489
2021-10-14,13.036702846537796
2021-10-15,12.831106009927769
2021-10-18,13.126290199129432
2021-10-19,12.957152150323488
2021-10-20,13.01812977418263
2021-10-21,12.951033456302234
2021-10-22,13.141896328078154
2021-10-25,13.087350485432815
2021-10-26,12.962958818810097
2021-10-27,13.03219671505164
2021-10-28,12.92433522022658
2021-10-29,12.45096243515632
2021-11-01,12.457924825346085
2021-11-02,13.119446815021822
2021-11-04,13.119861882379956
2021-11-05,12.971768763865683
2021-11-08,12.958937359839034
2021-11-09,12.766224223214492
2021-11-10,12.725176796190437
2021-11-11,12.902350731121876
2021-11-12,12.635422999018347
2021-11-15,12.79196831381166
2021-11-16,12.765542180203093
2021-11-17,12.619416777767334
2021-11-18,12.713270102350238
2021-11-19,12.44011413936921
2021-11-22,12.330833333532022
2021-11-24,12.281846634014665
2021-11-25,12.265460151527222
2021-11-26,12.229502863687749
2021-11-29,12.67089976751486
2021-11-30,12.969380146022239
2021-12-01,12.984717770182625
2021-12-02,12.990481883426606
2021-12-03,12.703257881334316
2021-12-06,12.684310602192193
2021-12-07,12.534725833048459
2021-12-08,12.901952293246453
2021-12-09,12.816828619430348
2021-12-10,12.698102617963041
2021-12-13,12.705641832375305
2021-12-14,12.690975456598087
2021-12-15,12.585790646693972
2021-12-16,12.58652436492075
2021-12-17,12.840048397403361
2021-12-20,12.67002133799473
2021-12-21,13.07298914293457
2021-12-22,12.815035734695106
2021-12-23,12.981001186046669
2021-12-24,13.10684841746908
2021-12-27,12.475451398650234
2021-12-28,12.715765693013957
2021-12-29,12.347817879016661
2021-12-30,12.427814854290096
2022-01-04,12.418065227500746
2022-01-05,13.378473846874815
2022-01-06,13.308509904096102
2022-01-07,13.359620367696591
2022-01-11,12.910701909417517
2022-01-12,12.522940819230756
2022-01-13,12.506997584277418
2022-01-14,12.449747826566458
2022-01-17,11.990224005797728
2022-01-18,12.077965773553235
2022-01-19,12.130398793807005
2022-01-20,12.708329509326155
2022-01-21,12.54837048629568
2022-01-24,12.494296348096077
2022-01-25,12.561260965811297
2022-01-26,12.607655011109339
2022-01-27,12.604792974673467
2022-01-28,12.951258671263895
2022-01-31,13.262280036648152
2022-02-01,12.524037790135973
2022-02-02,12.453447811731898
2022-02-03,12.567702613108425
2022-02-04,12.455438375851267
2022-02-07,12.472170451547264
2022-02-08,12.362862300068997
2022-02-09,12.4291446784879
2022-02-10,12.326962341832163
2022-02-14,12.00709108595299
2022-02-15,12.218294759705108
2022-02-16,12.16544382509688
2022-02-17,12.454842630259702
2022-02-18,12.347877181353603
2022-02-21,12.392139030524001
2022-02-22,12.489265230649904
2022-02-24,12.5393391596938
2022-02-25,12.571658499366341
2022-02-28,11.90780892072762
2022-03-01,11.534489402156353
2022-03-02,11.32405018973256
2022-03-03,11.602820645890114
2022-03-04,11.731019932257368
2022-03-07,11.893624402760805
2022-03-08,12.203886393831292
2022-03-09,11.741714347729758
2022-03-10,11.627726382244006
2022-03-11,12.6000209692272
2022-03-14,12.621222946057598
2022-03-15,12.602825344056184
2022-03-16,12.526342604822565
2022-03-17,12.785375903926163
2022-03-18,12.992299547507903
2022-03-22,12.978132895397554
2022-03-23,12.882317970009248
2022-03-24,13.086502113978465
2022-03-25,13.050320423803194
2022-03-28,12.990050500837672
2022-03-29,12.995943318339553
2022-03-30,13.079096640747911
2022-03-31,12.99014878323942
2022-04-01,12.996452833114697
2022-04-04,12.945267023358557
2022-04-05,12.627833862556628
2022-04-06,12.722752229982005
2022-04-07,12.688985583673743
2022-04-08,12.67991916004151
2022-04-11,12.81419600468379
2022-04-12,12.669087938042662
2022-04-13,12.77374026762801
2022-04-14,12.977733660492245
2022-04-15,13.021304787584443
2022-04-18,12.927892562252396
2022-04-19,12.687105253399475
2022-04-20,12.706347028156895
2022-04-21,12.797197025410682
2022-04-22,12.798802542570263
2022-04-25,12.883611578483269
2022-04-26,13.10457414876425
2022-04-27,12.790788798926474
2022-04-28,12.706901926341642
2022-05-02,13.11323162032926
2022-05-06,13.013946136590684
2022-05-09,12.951521702054313
2022-05-10,13.34099439527274
2022-05-11,13.30537666588951
2022-05-12,13.244072638709765
2022-05-13,13.17889682772851
2022-05-16,13.398072790094256
2022-05-17,13.391393718262336
2022-05-18,13.280772463956326
2022-05-19,13.441156298592
2022-05-20,13.38652514431775
2022-05-23,13.459965834049019
2022-05-24,13.546448724086973
2022-05-25,13.551168724501581
2022-05-26,13.517870615816191
2022-05-27,13.44379815769259
2022-05-30,13.585249544028297
2022-05-31,13.780174053034592
2022-06-01,13.800493131388013
2022-06-02,13.59012126679658
2022-06-03,13.56768220516487
2022-06-06,13.311163426480041
2022-06-07,13.034742301027483
2022-06-08,13.080989572322906
2022-06-09,13.204780026027867
2022-06-10,12.3591135637531
2022-06-13,12.486621512572587
2022-06-14,13.027578070054064
2022-06-15,13.217283834195069
2022-06-16,13.106488529337128
2022-06-17,12.651482274640921
2022-06-20,12.769153534635583
2022-06-21,12.416371460021088
2022-06-22,12.167147831389649
2022-06-23,12.044351838956327
2022-06-24,12.0537259234529
2022-06-27,11.91824799970321
2022-06-28,11.785936745055274
2022-06-29,11.83246433666681
2022-06-30,11.88670021481741
2022-07-01,12.091515068131827
2022-07-04,12.199727460572358
2022-07-05,12.426005474442897
2022-07-06,12.414951904683589
2022-07-07,12.41039661489196
2022-07-08,12.784829357044163
2022-07-11,12.941848475577803
2022-07-12,13.177252564862973
2022-07-13,13.18755617410366
2022-07-14,13.091492215430458
2022-07-15,13.143285497942486
2022-07-19,12.973990706878267
2022-07-20,12.86866525470052
2022-07-21,13.269356685118293
2022-07-22,13.302393293777193
2022-07-25,13.124386094012301
2022-07-26,13.003400042723268
2022-07-27,13.086761253970208
2022-07-28,13.0490180305957
2022-07-29,12.71449637192627
2022-08-01,12.909186947219967
2022-08-02,12.762022537965521
2022-08-03,12.839929170468956
2022-08-04,12.996413531124652
2022-08-05,13.13080561935389
2022-08-08,13.141204390159086
2022-08-09,12.872920201824734
2022-08-10,12.990429264881065
2022-08-12,12.995657031327458
2022-08-15,13.355986388116783
2022-08-16,13.065751878855203
2022-08-17,13.109595335860618
2022-08-18,13.211320712391327
2022-08-19,13.291901039837878
2022-08-22,13.357370344810484
2022-08-23,13.387164991334181
2022-08-24,13.611772310061887
2022-08-25,13.328854157077393
2022-08-26,13.348020157305609
2022-08-29,13.324812171325723
2022-08-30,13.601986432519366
2022-08-31,13.782090850739525
2022-09-01,13.775412690147464
2022-09-02,13.926607050713542
2022-09-05,13.91621743773658
2022-09-06,13.922964034010601
2022-09-07,13.790112179658223
2022-09-08,13.297591107595402
2022-09-09,13.81332087249137
2022-09-12,13.694248086492644
2022-09-13,13.717445435945201
2022-09-14,13.428847732274217
2022-09-15,14.059959776787379
2022-09-16,13.819966963876407
2022-09-20,14.059445120101097
2022-09-21,14.189842627316702
2022-09-22,14.696070662656734
2022-09-26,14.748900569446512
2022-09-27,15.283275489138461
2022-09-28,15.23055419878215
2022-09-29,15.150054891597922
2022-09-30,14.940130491834356
2022-10-03,15.138658810176835
2022-10-04,14.851711660944826
2022-10-05,16.067831571278973
2022-10-06,15.873062782189521
2022-10-07,15.931379046072912
2022-10-11,15.763578158114473
2022-10-12,15.820882139114913
2022-10-13,15.808751726348815
2022-10-14,15.866785177786811
2022-10-17,16.644794224360464
2022-10-18,16.809488803021456
2022-10-19,16.479534833553654
2022-10-20,16.465049715900637
2022-10-21,16.50206570052274
2022-10-24,16.476666207575658
2022-10-25,16.476173427200877
2022-10-26,16.554844418510534
2022-10-27,16.612489335709657
2022-10-28,16.64493078701547
2022-10-31,16.895764794388345
2022-11-01,16.693315597335825
2022-11-02,16.64533702610723
2022-11-04,16.42069706860879
2022-11-07,16.361600717971587
2022-11-08,16.626189152381194
2022-11-09,16.815159216574497
2022-11-10,16.605494253955843
2022-11-11,16.1818076465311
2022-11-14,16.171084380159662
2022-11-15,15.882762988201495
2022-11-16,15.507214600933452
2022-11-17,15.346876695318354
2022-11-18,15.333629908354249
2022-11-21,15.281228694994178
2022-11-22,15.171117784037579
2022-11-24,15.3173555005117
2022-11-25,15.335431764612393
2022-11-28,15.35827589788911
2022-11-29,15.176407729288202
2022-11-30,15.059543190822753
2022-12-01,15.050147675652987
2022-12-02,14.816545650622974
2022-12-05,15.08733059746485
2022-12-06,15.066733599249165
2022-12-07,15.035063548467743
2022-12-08,15.047413760038042
2022-12-09,14.525049020975459
2022-12-12,14.60302701308432
2022-12-13,14.578595510275607
2022-12-14,14.634501120933182
2022-12-15,14.327726052968034
2022-12-16,14.316617718002032
2022-12-19,14.519625186972773
2022-12-20,14.51532199620278
2022-12-21,14.112387536809411
2022-12-22,14.038412915105225
2022-12-23,13.519761270119137
2022-12-26,13.505879712718418
2022-12-27,13.38644028070264
2022-12-28,13.456409410547222
2022-12-29,13.198412109406412
2022-12-30,13.48753647250986
2023-01-04,12.306116747723777
2023-01-05,12.325239719289847
2023-01-06,12.260098120743997
2023-01-10,12.182691262205362
2023-01-11,11.583033382888738
2023-01-12,11.740678868136234
2023-01-13,11.694894926666398
2023-01-16,10.751143932150457
2023-01-17,10.648499582705627
2023-01-18,10.556261550876993
2023-01-19,11.058942592101799
2023-01-20,11.24374719185415
2023-01-23,11.259291061459443
2023-01-24,11.40945436346573
2023-01-25,11.613369956630262
2023-01-26,11.557063636188213
2023-01-27,11.640668566782802
2023-01-30,11.709265964809285
2023-01-31,11.474789784367106
2023-02-01,11.69769670490858
2023-02-02,11.943264671414637
2023-02-03,11.638778263936324
2023-02-06,11.288558090656293
2023-02-07,11.005919467715737
2023-02-08,11.28830207576775
2023-02-09,11.100708565591239
2023-02-10,10.675328719467515
2023-02-13,10.790696683596341
2023-02-14,10.876061786215772
2023-02-15,11.02483381822619
2023-02-16,11.083679021593378
2023-02-17,11.280618892902208
2023-02-20,11.250475151180586
2023-02-21,11.000317218941701
2023-02-22,10.95222774270691
2023-02-24,11.0972376016083
2023-02-27,11.02451190889941
2023-02-28,10.899781458692543
2023-03-01,10.896076244688446
2023-03-02,10.860521151445939
2023-03-03,10.466935821081389
2023-03-06,10.939273929387666
2023-03-07,11.142948066243118
2023-03-08,11.153869850163764
2023-03-09,11.194433821932067
2023-03-10,11.076690473966003
2023-03-13,11.407929681096066
2023-03-14,11.629012426850375
2023-03-15,12.371702556868925
2023-03-16,12.32996695213604
2023-03-17,11.93571881186858
2023-03-20,12.075613015258167
2023-03-22,12.067862939290825
2023-03-23,12.654060110921472
2023-03-24,12.651318228228359
2023-03-27,12.679461521752629
2023-03-28,12.664340506353682
2023-03-29,12.662155910283124
2023-03-30,12.856661277893126
2023-03-31,12.738672953300208
2023-04-03,12.759518217991193
2023-04-04,12.773104006104838
2023-04-05,12.796710250047038
2023-04-06,13.45826160767514
2023-04-07,13.556709752269537
2023-04-10,13.467745703669397
2023-04-11,13.568147419404804
2023-04-12,13.895840531666224
2023-04-13,13.879842335333395
2023-04-14,13.814795783886854
2023-04-17,13.33320367136767
2023-04-18,12.977681084495073
2023-04-19,12.990856794708622
2023-04-20,12.84284484587535
2023-04-21,12.483070927475621
2023-04-24,12.608883734110455
2023-04-25,12.577299241996277
2023-04-26,12.707935261189713
2023-04-27,12.866123409392168
2023-04-28,12.701868398465834
2023-05-01,12.770992733792681
2023-05-02,12.930963717173997
2023-05-08,13.167457353618124
2023-05-09,13.375623772461855
2023-05-10,13.553612895959487
2023-05-11,13.668253271862897
2023-05-12,13.58139169099941
2023-05-15,13.433751047602142
2023-05-16,13.591252153070938
2023-05-17,13.555536077771514
2023-05-18,13.552909025251155
2023-05-19,13.658583361637087
2023-05-22,13.599039333566353
2023-05-23,13.641954485010455
2023-05-24,13.573846107764957
2023-05-25,13.224289807046713
2023-05-26,13.293485717010125
2023-05-29,13.255735420701964
2023-05-30,13.168165006452393
2023-05-31,13.245945726671629
2023-06-01,13.433789746665608
2023-06-02,13.207168317945431
2023-06-05,13.315316339860013
2023-06-06,13.542277797056224
2023-06-07,13.554714493767033
2023-06-08,13.90780012120757
2023-06-09,13.468802892335534
2023-06-12,13.50096859155643
2023-06-13,12.438246600373354
2023-06-14,12.669354503016633
2023-06-15,12.638736020725453
2023-06-16,12.554119921696618
2023-06-19,12.085874161961318
2023-06-20,11.765256993117568
2023-06-21,11.606304596367396
2023-06-22,11.513174567735739
2023-06-23,11.393793385841395
2023-06-26,11.838942805107045
2023-06-27,11.749883889842867
2023-06-28,11.74056075437554
2023-06-29,12.128448959883046
2023-06-30,12.088095123667635
2023-07-03,12.224176342808644
2023-07-04,11.444989762470541
2023-07-05,11.362708494271743
2023-07-06,11.407180439773006
2023-07-07,11.924581961660337
2023-07-10,12.160851865771441
2023-07-11,12.221425836407581
2023-07-12,12.289308453782672
2023-07-13,12.40961098397112
2023-07-14,12.471508043141807
2023-07-18,12.439502244879494
2023-07-19,12.377716599731606
2023-07-20,12.503975838764296
2023-07-21,12.55003793366263
2023-07-24,12.35178990579337
2023-07-25,12.365195280080329
2023-07-26,12.204805878926734
2023-07-27,12.270621680650775
2023-07-28,12.335900552223096
2023-07-31,12.320180288223504
2023-08-01,11.951774490356833
2023-08-02,11.84266585192273
2023-08-03,12.24661316629062
2023-08-04,12.4963456641677
2023-08-07,12.445850850380321
2023-08-08,12.436381742190408
2023-08-09,12.37035157636674
2023-08-10,12.131466469438596
2023-08-14,12.015324725836235
2023-08-15,11.874793164158422
2023-08-16,11.936295695443194
2023-08-17,12.137870040513803
2023-08-18,12.103192063065231
2023-08-21,12.214301484577009
2023-08-22,12.2536184403071
2023-08-23,12.432331283962592
2023-08-24,12.473817154547783
2023-08-25,12.480507610348061
2023-08-28,12.46926102190025
2023-08-29,12.679288617988272
2023-08-30,12.462572224622596
2023-08-31,12.201973608571167
2023-09-01,12.169056474460673
2023-09-04,11.751211326706223
2023-09-05,11.710062201931782
2023-09-06,11.341880320575417
2023-09-07,11.37066346971995
2023-09-08,11.07943382551795
2023-09-11,11.016389366491223
2023-09-12,10.953473703835256
2023-09-13,11.115445568769697
2023-09-14,11.049715699665963
2023-09-15,11.422318300319494
2023-09-19,11.554937502247656
2023-09-20,11.507928641912459
2023-09-21,11.248713238053394
2023-09-22,11.453802661762246
2023-09-25,11.46332398993528
2023-09-26,10.856631727675111
2023-09-27,10.937190126830258
2023-09-28,10.884565635639435
2023-09-29,10.856413120091357
2023-10-02,10.785149195960352
2023-10-03,10.88313721934594
2023-10-04,10.801910337383639
2023-10-05,11.18677648266269
2023-10-06,11.524870153542212
2023-10-10,11.540613959370004
2023-10-11,12.106649285102257
2023-10-12,12.00438428881047
2023-10-13,12.204482290160744
2023-10-16,12.25169842083735
2023-10-17,12.283126013693005
2023-10-18,12.32576484743722
2023-10-19,12.421258803397324
2023-10-20,12.512279001728576
2023-10-23,12.456929504322725
2023-10-24,12.501915322128397
2023-10-25,12.237219217200721
2023-10-26,12.524540047948104
2023-10-27,12.870768058619213
2023-10-30,12.672408901960084
2023-10-31,12.084845923807565
2023-11-01,11.88592279991302
2023-11-02,12.803996851232277
2023-11-06,12.739179024682846
2023-11-07,12.66478137657562
2023-11-08,12.935985205038193
2023-11-09,12.690888913060443
2023-11-10,12.78785152807771
2023-11-13,12.536896439681803
2023-11-14,12.293647057267673
2023-11-15,12.333058146416183
2023-11-16,12.22515088926941
2023-11-17,12.137755629633109
2023-11-20,12.069728344835568
2023-11-21,11.922126212647775
2023-11-22,11.877789050406761
2023-11-24,11.775761654541434
2023-11-27,11.512462675373568
2023-11-28,11.471516666995972
2023-11-29,11.43961248569546
2023-11-30,11.390303649144355
2023-12-01,11.39407475565118
2023-12-04,11.279334486981599
2023-12-05,11.353864031915252
2023-12-06,11.330775204407804
2023-12-07,11.70318398773323
2023-12-08,11.793584283984842
2023-12-11,12.038456587260844
2023-12-12,12.201226201018649
2023-12-13,12.277917096621287
2023-12-14,12.157499449200325
2023-12-15,12.178012593010898
2023-12-18,12.172943961325107
2023-12-19,12.19537440707264
2023-12-20,12.202995770472947
2023-12-21,12.232147055360286
2023-12-22,12.324894579935885
2023-12-25,12.329180467215503
2023-12-26,12.366169058320146
2023-12-27,12.278263648994669
2023-12-28,12.449437130548825
2023-12-29,12.452582704687531
2024-01-04,12.264595275117038
2024-01-05,11.582931520332538
2024-01-09,11.325676226176896
2024-01-10,11.267567191368524
2024-01-11,11.049872742431678
2024-01-12,11.508545831827822
2024-01-15,11.304081413330982
2024-01-16,11.29155319973537
2024-01-17,11.104592979327203
2024-01-18,10.936053952455358
2024-01-19,10.922682441287357
2024-01-22,10.635589104246442
2024-01-23,10.900521698986115
2024-01-24,10.817449561249889
2024-01-25,10.97637327323249
2024-01-26,10.982058571799309
2024-01-29,10.849457621726085
2024-01-30,11.217383372642333
2024-01-31,11.348609290779804
2024-02-01,11.25676425353333
2024-02-02,10.529460474614014
2024-02-05,10.591586378467815
2024-02-06,10.37768402812291
2024-02-07,10.269737004566686
2024-02-08,10.00141102124288
2024-02-09,9.658751477423317
2024-02-13,9.693150702906406
2024-02-14,10.209400464215136
2024-02-15,10.293085315129112
2024-02-16,10.103211952798409
2024-02-19,10.341927548428805
2024-02-20,10.154627565502116
2024-02-21,10.153105802024418
2024-02-22,10.173062753917
2024-02-26,10.108674039491882
2024-02-27,10.062939602856623
2024-02-28,10.05000725000967
2024-02-29,10.054853635230725
2024-03-01,9.973564199167333
2024-03-04,10.08199857170769
2024-03-05,10.10195444566547
2024-03-06,9.860784463405972
2024-03-07,9.736589641780311
2024-03-08,9.303534833218064
2024-03-11,8.945156172588796
2024-03-12,9.301335606795435
2024-03-13,9.194698007873974
2024-03-14,9.250582009568934
2024-03-15,9.264060911598492
2024-03-18,8.939497257193649
2024-03-19,9.515438842759862
2024-03-21,9.425400093394495
2024-03-22,9.505684728379343
2024-03-25,9.499657436285878
2024-03-26,9.746476473508668
2024-03-27,9.786852123424195
2024-03-28,9.794956150108836
2024-03-29,10.220535070309081
2024-04-01,10.13792788018776
2024-04-02,10.22075615050286
2024-04-03,10.225392771436022
2024-04-04,10.376769935125935
2024-04-05,10.400025709556884
2024-04-08,10.622399547952162
2024-04-09,10.509182381475938
2024-04-10,10.162148349334544
2024-04-11,10.356385554517944
2024-04-12,10.241078543937343
2024-04-15,10.10369421574412
2024-04-16,10.148351132082931
2024-04-17,10.087378175969915
2024-04-18,10.302104614528249
2024-04-19,10.152926389348725
2024-04-22,10.38330072193954
2024-04-23,10.734306074437294
2024-04-24,10.720937421331026
2024-04-25,10.706559205409654
2024-04-26,10.77677932053028
2024-04-30,10.768468191457979
2024-05-01,11.040067375292267
2024-05-02,11.052177202746837
2024-05-07,11.078768563614753
2024-05-08,11.122732620050837
2024-05-09,11.438670343596373
2024-05-10,11.672429832758866
2024-05-13,11.772923714454345
2024-05-14,11.81376505240958
2024-05-15,11.324529315232954
2024-05-16,11.132119237145638
2024-05-17,10.978342695395485
2024-05-20,10.763156657940007
2024-05-21,10.950820910642747
2024-05-22,10.951560397175873
2024-05-23,10.944337856243784
2024-05-24,10.949485570322834
2024-05-27,10.970740032403354
2024-05-28,11.006283076726149
2024-05-29,10.979841397792324
2024-05-30,11.062449890638836
2024-05-31,10.954966866667833
2024-06-03,11.22510486728325
2024-06-04,11.320429065178747
2024-06-05,11.329896406999522
2024-06-06,11.598847498028375
2024-06-07,11.678255931744514
2024-06-10,11.18521277321562
2024-06-11,11.163837020771362
2024-06-12,11.122891415256316
2024-06-13,11.191126161342467
2024-06-14,11.256964407710104
2024-06-17,10.774112579285626
2024-06-18,10.990211855539247
2024-06-19,10.725111289499152
2024-06-20,10.752632975754752
2024-06-21,10.514662379682555
2024-06-24,10.509112742109714
2024-06-25,10.442496553444924
2024-06-26,10.525086800599912
2024-06-27,10.557355881957116
2024-06-28,10.50387928347674
2024-07-01,10.489332801215316
2024-07-02,10.592204824466044
2024-07-03,10.685621505943605
2024-07-04,10.492136337331534
2024-07-05,10.489147574492113
2024-07-08,10.430330654540185
2024-07-09,10.380661650333801
2024-07-10,10.473651895340414
2024-07-11,10.533952920093851
2024-07-12,10.488182342017058
2024-07-16,10.882494590567752
2024-07-17,10.547359717939178
2024-07-18,10.493402988876936
2024-07-19,10.52057369910407
2024-07-22,10.318737754389126
2024-07-23,10.41176269940688
2024-07-24,10.151437135415978
2024-07-25,9.953302522920863
2024-07-26,11.240691525361589
2024-07-29,10.633283759267803
2024-07-30,10.993343623138884
2024-07-31,10.990665078318703
2024-08-01,11.040604632157986
2024-08-02,11.543221913700634
2024-08-05,13.593284235622908
2024-08-06,20.42253866343016
2024-08-07,21.211392082734612
2024-08-08,20.87453588642769
2024-08-09,21.016132554792915
2024-08-13,21.059732548068304
2024-08-14,21.142070338790614
2024-08-15,21.121380966780226
2024-08-16,21.08880229546326
2024-08-19,21.27726897233661
2024-08-20,20.89163807553798
2024-08-21,20.8517139544672
2024-08-22,20.831392919869174
2024-08-23,20.815863232803185
2024-08-26,20.81110732029488
2024-08-27,20.79887884588404
2024-08-28,20.752395254160362
2024-08-29,20.73570140350892
2024-08-30,20.71730687057059
2024-09-02,20.734685035277945
2024-09-03,20.707347480999612
2024-09-04,20.68537835123028
2024-09-05,20.95737759491775
2024-09-06,20.803828339938896
2024-09-09,20.825532102255895
2024-09-10,20.86780883316195
2024-09-11,20.80979275423114
2024-09-12,20.82261540887642
2024-09-13,20.926831778506884
2024-09-17,20.90196336707619
2024-09-18,20.866260719061813
2024-09-19,20.846641768838683
2024-09-20,20.92047209638281
2024-09-24,20.90083263538017
2024-09-25,20.854584127282546
2024-09-26,20.77509948869114
2024-09-27,20.93278211921581
2024-09-30,20.855696820322397
2024-10-01,20.92885148021225
2024-10-02,20.994080087826926
2024-10-03,20.976989140828472
2024-10-04,21.007528002369845
2024-10-07,21.01781850792377
2024-10-08,21.082824142695287
2024-10-09,21.101398231820134
2024-10-10,21.075295182458476
2024-10-11,21.070782393040556
2024-10-15,21.086054298277293
2024-10-16,21.06059303811699
2024-10-17,21.099979432844478
2024-10-18,21.105816564756495
2024-10-21,21.1296136103482
2024-10-22,21.12904153366136
2024-10-23,21.22951717294223
2024-10-24,21.12906748838193
2024-10-25,21.220080474569865
2024-10-28,21.129635932671125
2024-10-29,21.149911440568427
2024-10-30,21.26695487538194
2024-10-31,21.280329762846865
2024-11-01,21.02869879373069
2024-11-05,17.189424508884713
2024-11-06,15.332521532652581
2024-11-07,15.321182691034286
2024-11-08,14.948922533097871
2024-11-11,15.00764431579843
2024-11-12,14.563532542018363
2024-11-13,14.50388398564024
2024-11-14,14.75840961610766
2024-11-15,14.16151659534104
2024-11-18,14.052863388810653
2024-11-19,14.119158580816528
2024-11-20,14.155706551511672
2024-11-21,14.097009922849017
2024-11-22,14.122724084705032
2024-11-25,14.07874731641897
2024-11-26,14.051444000406104
2024-11-27,14.123192504848257
2024-11-28,14.112607704413861
2024-11-29,14.186005998006646
2024-12-02,14.195806513488353
2024-12-03,14.319426257393562
2024-12-04,13.44014262000721
2024-12-05,13.454913966946314
2024-12-06,13.364022630964765
2024-12-09,13.368434053474735
2024-12-10,13.460697452624723
2024-12-11,13.1956231127917
2024-12-12,12.896055901731081
2024-12-13,12.914756359975193
2024-12-16,13.115033663244196
2024-12-17,13.16751187409973
2024-12-18,12.683792239987367
2024-12-19,12.586742876846918
2024-12-20,12.59864272611395
2024-12-23,12.718194394869748
2024-12-24,12.110639407528915
2024-12-25,12.232020046703907
2024-12-26,10.830411628473431
2024-12-27,10.64431356874495
2024-12-30,10.763413711815772
2025-01-06,10.705929439445006
2025-01-07,10.777083873196196
2025-01-08,10.413656661969014
2025-01-09,10.109201248659245
2025-01-10,10.338748649256782
2025-01-14,10.413835149927714
2025-01-15,10.44107011640876
2025-01-16,10.396797303568025
2025-01-17,10.217494813528571
2025-01-20,10.2792808684534
2025-01-21,10.48329749523849
2025-01-22,10.52347123360016
2025-01-23,10.348262053892995
2025-01-24,10.383202507446041
2025-01-27,10.367066612740755
2025-01-28,10.183633608386392
2025-01-29,9.647424426628321
2025-01-30,9.619616166646578
2025-01-31,9.435942140165144
2025-02-03,9.392329500485085
2025-02-04,9.986654532124636
2025-02-05,10.055377757612593
2025-02-06,9.7734548561064
2025-02-07,9.903974210751302
2025-02-10,9.981939375345371
2025-02-12,9.931531069744546
2025-02-13,9.908457763562366
2025-02-14,9.895318195398023
2025-02-17,9.82915616021583
2025-02-18,9.729865319399236
2025-02-19,9.579790861768885
2025-02-20,9.57807576702429
2025-02-21,9.813003022587036
2025-02-25,9.722351823815892
2025-02-26,9.23951674104544
2025-02-27,9.118394500240765
2025-02-28,8.974081134488763
2025-03-03,9.350014458063056
2025-03-04,9.756107622055474
2025-03-05,9.779979138211534
2025-03-06,9.550568775159945
2025-03-07,9.138859019377312
2025-03-10,9.465387044407718
2025-03-11,9.419461751165858
2025-03-12,9.44969061522962
2025-03-13,9.50314194007512
2025-03-14,9.484608147237529
2025-03-17,9.478856940728086
2025-03-18,9.42293138808712
2025-03-19,9.441050440951829
2025-03-21,9.416755082795206
2025-03-24,9.306344234673341
2025-03-25,9.330640560704492
2025-03-26,9.3593865671853
2025-03-27,9.480703353438463
2025-03-28,9.394285676897157
2025-03-31,10.035687402896063
2025-04-01,11.487183237250568
2025-04-02,11.349376651068614
2025-04-03,10.94685440273183
2025-04-04,11.429314618994523
2025-04-07,11.673131926893726
2025-04-08,15.415538303860021
2025-04-09,16.94204131780445
2025-04-10,17.493902496825218
2025-04-11,19.675091242088218
2025-04-14,19.96253549954751
2025-04-15,20.029959005203327
2025-04-16,20.077694534315732
2025-04-17,20.081946900892216
2025-04-18,20.098815237252527
2025-04-21,20.009311495633604
2025-04-22,20.09256299711434
2025-04-23,20.052993177259566
2025-04-24,20.18458887990113
2025-04-25,20.167682139190998
2025-04-28,20.267591798293342
2025-04-30,20.241879620208792
2025-05-01,20.188178871062902
2025-05-02,19.915013362371827
2025-05-07,19.828083294123758
2025-05-08,19.73194979119621
2025-05-09,19.868012067377727
2025-05-12,19.92614557863126
2025-05-13,19.774777772586447
2025-05-14,19.747304370228647
2025-05-15,19.727484085975796
2025-05-16,19.716692969126395
2025-05-19,19.7719891755157
2025-05-20,19.80319889745015
2025-05-21,19.75752607237555
2025-05-22,19.797710136313718
2025-05-23,19.773648616664623
2025-05-26,19.82147350593783
2025-05-27,20.20549548192601
2025-05-28,20.29401940830705
2025-05-29,20.461690036222468
2025-05-30,20.435290559476645
2025-06-02,20.284440764993157
2025-06-03,20.391703639702712
2025-06-04,20.43434274504585
2025-06-05,20.53104578762554
2025-06-06,20.56379981885505
2025-06-09,20.643943456330472
2025-06-10,20.639106510002854
2025-06-11,20.591619757261206
2025-06-12,20.56564756644334
2025-06-13,20.59690022400058
2025-06-16,20.622608627127953
2025-06-17,20.61218742250076
2025-06-18,20.65082966502336
2025-06-19,20.73151009482955
2025-06-20,20.76201297477837
2025-06-23,20.76053154463054
2025-06-24,20.741104232764023
2025-06-25,20.800881272827116
2025-06-26,20.721218747833866
2025-06-27,20.292068851936932
2025-06-30,20.285674223493267
2025-07-01,20.35399466638423
2025-07-02,20.344826709176697
2025-07-03,20.523851757292437
2025-07-04,18.34296052050073
2025-07-07,17.32018485847602
2025-07-08,16.467394848989258
2025-07-09,11.910346696052974
2025-07-10,10.032471686810664
2025-07-11,10.044985633564668
2025-07-14,9.724133991552915
2025-07-15,9.526209526202466
2025-07-16,9.385974902425643
2025-07-17,9.347818781768096
2025-07-18,8.957947400184809
2025-07-22,9.053529626247906
2025-07-23,8.393635033430527
2025-07-24,10.394101598342449
2025-07-25,10.5594618937733
2025-07-28,10.71174844001655
2025-07-29,10.709653288208662
2025-07-30,11.344338579402908
2025-07-31,11.308997658464403
2025-08-01,11.529499024046007
2025-08-04,11.118048642190315
2025-08-05,11.207528286381438
2025-08-06,11.537427607737964
2025-08-07,11.28536769154544
2025-08-08,11.360334184461909
2025-08-12,11.414449146275627
2025-08-13,11.644366449269084
2025-08-14,11.715940880926409
2025-08-15,11.90496970146939
2025-08-18,12.178005298751168
2025-08-19,11.908832587425659
2025-08-20,11.771465166619791
2025-08-21,11.759161437453292
2025-08-22,11.750536131613686
2025-08-25,11.753691040230995
2025-08-26,11.40483517438641
2025-08-27,11.759019175689236
2025-08-28,11.56063527212151
2025-08-29,11.588956591626754
2025-09-01,11.602414798596685
2025-09-02,11.330222564199396
2025-09-03,11.253494011049314
2025-09-04,11.241493603321013
2025-09-05,11.212976724835832
2025-09-08,11.304003585831504
2025-09-09,11.312691201670079
2025-09-10,11.20683360334765
2025-09-11,11.071425505315466
2025-09-12,11.062092408582501
2025-09-16,11.05414596332036
2025-09-17,10.853542827891877
2025-09-18,10.768703690929092
2025-09-19,10.716841360005779
2025-09-22,10.635331063689463
2025-09-24,10.55155581953979
2025-09-25,10.572724696915916
2025-09-26,10.475157855375162
2025-09-29,10.49558318901851
2025-09-30,10.982545955067428
2025-10-01,10.974329056915302
2025-10-02,11.040532586615239
2025-10-03,10.986719588247949
2025-10-06,11.014713424684096
2025-10-07,11.380711171930113
2025-10-08,11.377024383674577
2025-10-09,11.218813803031882
2025-10-10,11.326416383587938
2025-10-14,11.377070823911563
2025-10-15,11.738655753777868
2025-10-16,11.77097828117844
2025-10-17,11.778602435479216
2025-10-20,11.766020463116114
2025-10-21,12.301359892817848
2025-10-22,11.078059123655068
2025-10-23,10.712479366215241
2025-10-24,10.53802970696785
2025-10-27,10.618686001649614
2025-10-28,10.779686809680408
2025-10-29,11.118929618323527
2025-10-30,11.318514003418572
2025-10-31,11.586829881815348
