Target,Short,Long,Events,Days,Avg_Weight,Sum_Weight,Caught,_s_days,_s_drop,_l_days,_l_drop
Index 1 (Eco),3d -3.0%,10d -2.0%,40,79,22.29,1760.96,"2020 Covid, 2024 Ueda, 2025 Tariff",3,-0.03,10,-0.02
Index 1 (Eco),3d -3.0%,7d -2.0%,48,94,20.65,1941.3,"2020 Covid, 2024 Ueda, 2025 Tariff",3,-0.03,7,-0.02
Index 1 (Eco),3d -3.0%,10d -2.5%,35,68,19.99,1359.35,"2020 Covid, 2024 Ueda, 2025 Tariff",3,-0.03,10,-0.025
Index 1 (Eco),3d -2.0%,10d -2.0%,66,138,19.11,2637.4,"2020 Covid, 2024 Ueda, 2025 Tariff",3,-0.02,10,-0.02
Index 1 (Eco),3d -3.0%,7d -2.5%,41,83,17.69,1468.67,"2020 Covid, 2024 Ueda, 2025 Tariff",3,-0.03,7,-0.025
Index 1 (Eco),5d -3.0%,10d -2.0%,58,142,17.68,2511.18,"2020 Covid, 2024 Ueda, 2025 Tariff",5,-0.03,10,-0.02
Index 1 (Eco),3d -3.0%,10d -3.0%,31,63,17.3,1090.05,"2020 Covid, 2024 Ueda, 2025 Tariff",3,-0.03,10,-0.03
Index 1 (Eco),3d -2.0%,7d -2.0%,76,162,17.12,2772.77,"2020 Covid, 2024 Ueda, 2025 Tariff",3,-0.02,7,-0.02
Index 1 (Eco),3d -2.0%,10d -2.5%,58,118,17.05,2011.32,"2020 Covid, 2024 Ueda, 2025 Tariff",3,-0.02,10,-0.025
Index 1 (Eco),5d -3.0%,7d -2.0%,67,172,15.56,2676.09,"2020 Covid, 2024 Ueda, 2025 Tariff",5,-0.03,7,-0.02
Index 1 (Eco),3d -2.0%,7d -2.5%,62,132,15.46,2040.14,"2020 Covid, 2024 Ueda, 2025 Tariff",3,-0.02,7,-0.025
Index 1 (Eco),3d -1.0%,10d -2.0%,94,225,15.38,3461.6,"2020 Covid, 2024 Ueda, 2025 Tariff",3,-0.01,10,-0.02
Index 1 (Eco),5d -3.0%,10d -2.5%,54,128,15.31,1960.05,"2020 Covid, 2024 Ueda, 2025 Tariff",5,-0.03,10,-0.025
Index 1 (Eco),3d -3.0%,7d -3.0%,38,79,15.07,1190.46,"2020 Covid, 2024 Ueda, 2025 Tariff",3,-0.03,7,-0.03
Index 1 (Eco),3d -2.0%,10d -3.0%,49,107,14.84,1587.98,"2020 Covid, 2024 Ueda, 2025 Tariff",3,-0.02,10,-0.03
Index 1 (Eco),3d -1.0%,7d -2.0%,110,251,14.56,3654.42,"2020 Covid, 2024 Ueda, 2025 Tariff",3,-0.01,7,-0.02
Index 1 (Eco),3d -3.0%,10d -4.0%,27,56,13.82,774.03,"2020 Covid, 2024 Ueda, 2025 Tariff",3,-0.03,10,-0.04
Index 1 (Eco),3d -1.0%,10d -2.5%,81,189,13.64,2578.43,"2020 Covid, 2024 Ueda, 2025 Tariff",3,-0.01,10,-0.025
Index 1 (Eco),3d -1.0%,7d -2.5%,86,194,13.43,2605.49,"2020 Covid, 2024 Ueda, 2025 Tariff",3,-0.01,7,-0.025
Index 1 (Eco),5d -2.0%,10d -2.0%,78,221,13.43,2968.71,"2020 Covid, 2024 Ueda, 2025 Tariff",5,-0.02,10,-0.02
Index 1 (Eco),5d -3.0%,10d -3.0%,43,114,13.36,1523.29,"2020 Covid, 2024 Ueda, 2025 Tariff",5,-0.03,10,-0.03
Index 1 (Eco),3d -2.0%,7d -3.0%,54,122,13.27,1619.26,"2020 Covid, 2024 Ueda, 2025 Tariff",3,-0.02,7,-0.03
Index 1 (Eco),5d -3.0%,7d -2.5%,59,156,13.09,2041.37,"2020 Covid, 2024 Ueda, 2025 Tariff",5,-0.03,7,-0.025
Index 1 (Eco),3d -3.0%,7d -4.0%,27,59,12.91,761.71,"2020 Covid, 2024 Ueda, 2025 Tariff",3,-0.03,7,-0.04
Index 1 (Eco),3d -3.0%,10d -6.0%,18,32,12.43,397.75,"2020 Covid, 2024 Ueda, 2025 Tariff",3,-0.03,10,-0.06
Index 1 (Eco),3d -2.0%,10d -4.0%,39,87,12.27,1067.73,"2020 Covid, 2024 Ueda, 2025 Tariff",3,-0.02,10,-0.04
Index 1 (Eco),5d -2.0%,7d -2.0%,87,259,12.1,3134.67,"2020 Covid, 2024 Ueda, 2025 Tariff",5,-0.02,7,-0.02
Index 1 (Eco),5d -2.0%,10d -2.5%,70,188,12.02,2260.11,"2020 Covid, 2024 Ueda, 2025 Tariff",5,-0.02,10,-0.025
Index 1 (Eco),3d -1.0%,10d -3.0%,60,161,11.99,1930.95,"2020 Covid, 2024 Ueda, 2025 Tariff",3,-0.01,10,-0.03
Index 1 (Eco),3d -1.0%,7d -3.0%,71,167,11.91,1989.44,"2020 Covid, 2024 Ueda, 2025 Tariff",3,-0.01,7,-0.03
Index 1 (Eco),5d -1.0%,10d -2.0%,101,302,11.62,3510.25,"2020 Covid, 2024 Ueda, 2025 Tariff",5,-0.01,10,-0.02
Index 1 (Eco),3d -2.0%,7d -4.0%,39,88,11.6,1020.94,"2020 Covid, 2024 Ueda, 2025 Tariff",3,-0.02,7,-0.04
Index 1 (Eco),3d -3.0%,7d -6.0%,17,33,11.36,375.04,"2020 Covid, 2024 Ueda, 2025 Tariff",3,-0.03,7,-0.06
Index 1 (Eco),5d -3.0%,7d -3.0%,49,143,11.29,1614.45,"2020 Covid, 2024 Ueda, 2025 Tariff",5,-0.03,7,-0.03
Index 1 (Eco),3d -3.0%,10d -8.0%,7,17,11.16,189.72,"2020 Covid, 2024 Ueda, 2025 Tariff",3,-0.03,10,-0.08
Index 1 (Eco),5d -3.0%,10d -4.0%,36,95,11.16,1059.84,"2020 Covid, 2024 Ueda, 2025 Tariff",5,-0.03,10,-0.04
Index 1 (Eco),3d -2.0%,10d -6.0%,27,48,11.1,532.84,"2020 Covid, 2024 Ueda, 2025 Tariff",3,-0.02,10,-0.06
Index 1 (Eco),3d -1.0%,7d -4.0%,48,112,10.62,1189.59,"2020 Covid, 2024 Ueda, 2025 Tariff",3,-0.01,7,-0.04
Index 1 (Eco),5d -2.0%,7d -2.5%,75,220,10.61,2333.85,"2020 Covid, 2024 Ueda, 2025 Tariff",5,-0.02,7,-0.025
Index 1 (Eco),5d -1.0%,7d -2.0%,119,342,10.6,3624.59,"2020 Covid, 2024 Ueda, 2025 Tariff",5,-0.01,7,-0.02
Index 1 (Eco),5d -3.0%,10d -6.0%,27,53,10.57,560.43,"2020 Covid, 2024 Ueda, 2025 Tariff",5,-0.03,10,-0.06
Index 1 (Eco),3d -1.0%,10d -4.0%,46,121,10.53,1274.66,"2020 Covid, 2024 Ueda, 2025 Tariff",3,-0.01,10,-0.04
Index 1 (Eco),5d -1.0%,10d -2.5%,86,247,10.53,2600.23,"2020 Covid, 2024 Ueda, 2025 Tariff",5,-0.01,10,-0.025
Index 1 (Eco),5d -2.0%,10d -3.0%,54,164,10.43,1710.66,"2020 Covid, 2024 Ueda, 2025 Tariff",5,-0.02,10,-0.03
Index 1 (Eco),3d -2.0%,7d -6.0%,21,45,10.39,467.7,"2020 Covid, 2024 Ueda, 2025 Tariff",3,-0.02,7,-0.06
Index 1 (Eco),3d -3.0%,7d -8.0%,8,19,10.11,192.0,"2020 Covid, 2024 Ueda, 2025 Tariff",3,-0.03,7,-0.08
Index 1 (Eco),3d -3.0%,7d -10.0%,6,12,9.97,119.68,"2020 Covid, 2024 Ueda, 2025 Tariff",3,-0.03,7,-0.1
Index 1 (Eco),3d -1.0%,10d -6.0%,29,63,9.96,627.23,"2020 Covid, 2024 Ueda, 2025 Tariff",3,-0.01,10,-0.06
Index 1 (Eco),3d -2.0%,10d -8.0%,10,23,9.71,223.37,"2020 Covid, 2024 Ueda, 2025 Tariff",3,-0.02,10,-0.08
Index 1 (Eco),3d -1.0%,7d -6.0%,25,55,9.7,533.65,"2020 Covid, 2024 Ueda, 2025 Tariff",3,-0.01,7,-0.06
Index 1 (Eco),3d -3.0%,10d -10.0%,6,14,9.67,135.42,"2020 Covid, 2024 Ueda, 2025 Tariff",3,-0.03,10,-0.1
Index 1 (Eco),5d -1.0%,7d -2.5%,94,273,9.6,2622.1,"2020 Covid, 2024 Ueda, 2025 Tariff",5,-0.01,7,-0.025
Index 1 (Eco),5d -3.0%,7d -4.0%,43,116,9.49,1101.08,"2020 Covid, 2024 Ueda, 2025 Tariff",5,-0.03,7,-0.04
Index 1 (Eco),5d -3.0%,10d -8.0%,13,28,9.42,263.62,"2020 Covid, 2024 Ueda, 2025 Tariff",5,-0.03,10,-0.08
Index 1 (Eco),5d -1.0%,10d -3.0%,66,207,9.4,1946.48,"2020 Covid, 2024 Ueda, 2025 Tariff",5,-0.01,10,-0.03
Index 1 (Eco),5d -2.0%,7d -3.0%,64,193,9.4,1814.22,"2020 Covid, 2024 Ueda, 2025 Tariff",5,-0.02,7,-0.03
Index 1 (Eco),3d -2.0%,7d -8.0%,10,24,9.33,223.84,"2020 Covid, 2024 Ueda, 2025 Tariff",3,-0.02,7,-0.08
Index 1 (Eco),3d -1.0%,7d -10.0%,7,14,9.3,130.27,"2020 Covid, 2024 Ueda, 2025 Tariff",3,-0.01,7,-0.1
Index 1 (Eco),3d -2.0%,7d -10.0%,7,14,9.3,130.27,"2020 Covid, 2024 Ueda, 2025 Tariff",3,-0.02,7,-0.1
Index 1 (Eco),5d -1.0%,7d -10.0%,7,14,9.3,130.27,"2020 Covid, 2024 Ueda, 2025 Tariff",5,-0.01,7,-0.1
Index 1 (Eco),5d -2.0%,7d -10.0%,7,14,9.3,130.27,"2020 Covid, 2024 Ueda, 2025 Tariff",5,-0.02,7,-0.1
Index 1 (Eco),5d -3.0%,7d -10.0%,7,14,9.3,130.27,"2020 Covid, 2024 Ueda, 2025 Tariff",5,-0.03,7,-0.1
Index 1 (Eco),3d -1.0%,10d -8.0%,12,28,9.25,259.1,"2020 Covid, 2024 Ueda, 2025 Tariff",3,-0.01,10,-0.08
Index 1 (Eco),5d -2.0%,10d -4.0%,43,125,9.15,1144.21,"2020 Covid, 2024 Ueda, 2025 Tariff",5,-0.02,10,-0.04
Index 1 (Eco),5d -1.0%,7d -3.0%,77,220,9.04,1989.74,"2020 Covid, 2024 Ueda, 2025 Tariff",5,-0.01,7,-0.03
Index 1 (Eco),5d -3.0%,7d -6.0%,24,59,9.02,531.94,"2020 Covid, 2024 Ueda, 2025 Tariff",5,-0.03,7,-0.06
Index 1 (Eco),3d -1.0%,7d -8.0%,10,25,8.79,219.65,"2020 Covid, 2024 Ueda, 2025 Tariff",3,-0.01,7,-0.08
Index 1 (Eco),3d -2.0%,10d -10.0%,7,17,8.77,149.06,"2020 Covid, 2024 Ueda, 2025 Tariff",3,-0.02,10,-0.1
Index 1 (Eco),5d -3.0%,10d -10.0%,8,19,8.66,164.52,"2020 Covid, 2024 Ueda, 2025 Tariff",5,-0.03,10,-0.1
Index 1 (Eco),3d -1.0%,10d -10.0%,7,18,8.64,155.55,"2020 Covid, 2024 Ueda, 2025 Tariff",3,-0.01,10,-0.1
Index 1 (Eco),5d -2.0%,10d -6.0%,30,68,8.61,585.6,"2020 Covid, 2024 Ueda, 2025 Tariff",5,-0.02,10,-0.06
Index 1 (Eco),5d -1.0%,10d -4.0%,52,152,8.4,1276.79,"2020 Covid, 2024 Ueda, 2025 Tariff",5,-0.01,10,-0.04
Index 1 (Eco),5d -1.0%,10d -6.0%,33,80,8.32,665.8,"2020 Covid, 2024 Ueda, 2025 Tariff",5,-0.01,10,-0.06
Index 1 (Eco),5d -2.0%,7d -4.0%,49,139,8.16,1134.1,"2020 Covid, 2024 Ueda, 2025 Tariff",5,-0.02,7,-0.04
Index 1 (Eco),5d -1.0%,7d -4.0%,51,146,8.04,1173.45,"2020 Covid, 2024 Ueda, 2025 Tariff",5,-0.01,7,-0.04
Index 1 (Eco),5d -3.0%,7d -8.0%,10,28,7.8,218.41,"2020 Covid, 2024 Ueda, 2025 Tariff",5,-0.03,7,-0.08
Index 1 (Eco),5d -2.0%,7d -6.0%,24,66,7.6,501.6,"2020 Covid, 2024 Ueda, 2025 Tariff",5,-0.02,7,-0.06
Index 1 (Eco),5d -1.0%,7d -6.0%,24,67,7.59,508.83,"2020 Covid, 2024 Ueda, 2025 Tariff",5,-0.01,7,-0.06
Index 1 (Eco),5d -1.0%,7d -8.0%,10,29,7.59,220.15,"2020 Covid, 2024 Ueda, 2025 Tariff",5,-0.01,7,-0.08
Index 1 (Eco),5d -2.0%,7d -8.0%,10,29,7.59,220.15,"2020 Covid, 2024 Ueda, 2025 Tariff",5,-0.02,7,-0.08
Index 1 (Eco),5d -1.0%,10d -8.0%,13,36,6.74,242.57,"2020 Covid, 2024 Ueda, 2025 Tariff",5,-0.01,10,-0.08
Index 1 (Eco),5d -2.0%,10d -8.0%,11,33,6.73,222.2,"2020 Covid, 2024 Ueda, 2025 Tariff",5,-0.02,10,-0.08
Index 1 (Eco),5d -2.0%,10d -10.0%,6,21,6.34,133.1,"2020 Covid, 2024 Ueda, 2025 Tariff",5,-0.02,10,-0.1
Index 1 (Eco),5d -1.0%,10d -10.0%,7,23,6.2,142.56,"2020 Covid, 2024 Ueda, 2025 Tariff",5,-0.01,10,-0.1
Index 2 (Phy),3d -3.0%,10d -2.0%,131,309,30.48,9417.35,"2020 Covid, 2024 Ueda, 2025 Tariff",3,-0.03,10,-0.02
Index 2 (Phy),3d -3.0%,7d -2.0%,138,344,28.13,9675.18,"2020 Covid, 2024 Ueda, 2025 Tariff",3,-0.03,7,-0.02
Index 2 (Phy),3d -2.0%,10d -2.0%,155,376,28.09,10563.56,"2020 Covid, 2024 Ueda, 2025 Tariff",3,-0.02,10,-0.02
Index 2 (Phy),3d -3.0%,10d -2.5%,126,295,25.31,7467.65,"2020 Covid, 2024 Ueda, 2025 Tariff",3,-0.03,10,-0.025
Index 2 (Phy),3d -1.0%,10d -2.0%,169,462,25.23,11657.2,"2020 Covid, 2024 Ueda, 2025 Tariff",3,-0.01,10,-0.02
Index 2 (Phy),3d -2.0%,7d -2.0%,160,418,25.16,10517.7,"2020 Covid, 2024 Ueda, 2025 Tariff",3,-0.02,7,-0.02
Index 2 (Phy),5d -3.0%,10d -2.0%,134,423,23.61,9988.51,"2020 Covid, 2024 Ueda, 2025 Tariff",5,-0.03,10,-0.02
Index 2 (Phy),3d -2.0%,10d -2.5%,148,358,23.36,8362.25,"2020 Covid, 2024 Ueda, 2025 Tariff",3,-0.02,10,-0.025
Index 2 (Phy),3d -3.0%,7d -2.5%,134,330,23.22,7662.41,"2020 Covid, 2024 Ueda, 2025 Tariff",3,-0.03,7,-0.025
Index 2 (Phy),3d -1.0%,7d -2.0%,173,501,22.23,11135.05,"2020 Covid, 2024 Ueda, 2025 Tariff",3,-0.01,7,-0.02
Index 2 (Phy),3d -3.0%,10d -3.0%,124,286,21.61,6180.96,"2020 Covid, 2024 Ueda, 2025 Tariff",3,-0.03,10,-0.03
Index 2 (Phy),3d -1.0%,10d -2.5%,164,441,20.98,9251.78,"2020 Covid, 2024 Ueda, 2025 Tariff",3,-0.01,10,-0.025
Index 2 (Phy),5d -2.0%,10d -2.0%,145,489,20.85,10195.49,"2020 Covid, 2024 Ueda, 2025 Tariff",5,-0.02,10,-0.02
Index 2 (Phy),3d -2.0%,7d -2.5%,151,398,20.83,8290.48,"2020 Covid, 2024 Ueda, 2025 Tariff",3,-0.02,7,-0.025
Index 2 (Phy),3d -3.0%,7d -3.0%,125,313,20.05,6275.34,"2020 Covid, 2024 Ueda, 2025 Tariff",3,-0.03,7,-0.03
Index 2 (Phy),3d -2.0%,10d -3.0%,143,344,20.03,6891.21,"2020 Covid, 2024 Ueda, 2025 Tariff",3,-0.02,10,-0.03
Index 2 (Phy),5d -3.0%,10d -2.5%,126,404,19.52,7886.2,"2020 Covid, 2024 Ueda, 2025 Tariff",5,-0.03,10,-0.025
Index 2 (Phy),5d -3.0%,7d -2.0%,145,507,19.46,9864.11,"2020 Covid, 2024 Ueda, 2025 Tariff",5,-0.03,7,-0.02
Index 2 (Phy),5d -1.0%,10d -2.0%,153,552,18.64,10290.66,"2020 Covid, 2024 Ueda, 2025 Tariff",5,-0.01,10,-0.02
Index 2 (Phy),3d -1.0%,7d -2.5%,165,475,18.49,8782.38,"2020 Covid, 2024 Ueda, 2025 Tariff",3,-0.01,7,-0.025
Index 2 (Phy),3d -2.0%,7d -3.0%,137,371,18.17,6739.97,"2020 Covid, 2024 Ueda, 2025 Tariff",3,-0.02,7,-0.03
Index 2 (Phy),3d -1.0%,10d -3.0%,155,420,18.07,7591.36,"2020 Covid, 2024 Ueda, 2025 Tariff",3,-0.01,10,-0.03
Index 2 (Phy),3d -3.0%,10d -4.0%,110,256,17.52,4485.53,"2020 Covid, 2024 Ueda, 2025 Tariff",3,-0.03,10,-0.04
Index 2 (Phy),5d -2.0%,10d -2.5%,134,465,17.28,8036.83,"2020 Covid, 2024 Ueda, 2025 Tariff",5,-0.02,10,-0.025
Index 2 (Phy),5d -2.0%,7d -2.0%,152,579,17.07,9884.78,"2020 Covid, 2024 Ueda, 2025 Tariff",5,-0.02,7,-0.02
Index 2 (Phy),5d -3.0%,10d -3.0%,121,388,16.8,6516.72,"2020 Covid, 2024 Ueda, 2025 Tariff",5,-0.03,10,-0.03
Index 2 (Phy),3d -3.0%,7d -4.0%,116,275,16.6,4563.64,"2020 Covid, 2024 Ueda, 2025 Tariff",3,-0.03,7,-0.04
Index 2 (Phy),3d -1.0%,7d -3.0%,155,439,16.35,7177.14,"2020 Covid, 2024 Ueda, 2025 Tariff",3,-0.01,7,-0.03
Index 2 (Phy),3d -2.0%,10d -4.0%,125,306,16.28,4980.26,"2020 Covid, 2024 Ueda, 2025 Tariff",3,-0.02,10,-0.04
Index 2 (Phy),5d -3.0%,7d -2.5%,141,486,16.12,7832.2,"2020 Covid, 2024 Ueda, 2025 Tariff",5,-0.03,7,-0.025
Index 2 (Phy),5d -1.0%,10d -2.5%,144,523,15.58,8150.27,"2020 Covid, 2024 Ueda, 2025 Tariff",5,-0.01,10,-0.025
Index 2 (Phy),3d -2.0%,7d -4.0%,126,321,15.21,4881.71,"2020 Covid, 2024 Ueda, 2025 Tariff",3,-0.02,7,-0.04
Index 2 (Phy),5d -1.0%,7d -2.0%,159,640,15.05,9633.01,"2020 Covid, 2024 Ueda, 2025 Tariff",5,-0.01,7,-0.02
Index 2 (Phy),5d -2.0%,10d -3.0%,127,445,14.87,6616.27,"2020 Covid, 2024 Ueda, 2025 Tariff",5,-0.02,10,-0.03
Index 2 (Phy),3d -1.0%,10d -4.0%,134,370,14.76,5462.24,"2020 Covid, 2024 Ueda, 2025 Tariff",3,-0.01,10,-0.04
Index 2 (Phy),5d -2.0%,7d -2.5%,145,546,14.34,7827.57,"2020 Covid, 2024 Ueda, 2025 Tariff",5,-0.02,7,-0.025
Index 2 (Phy),5d -3.0%,7d -3.0%,129,461,13.86,6389.79,"2020 Covid, 2024 Ueda, 2025 Tariff",5,-0.03,7,-0.03
Index 2 (Phy),3d -1.0%,7d -4.0%,140,378,13.71,5181.13,"2020 Covid, 2024 Ueda, 2025 Tariff",3,-0.01,7,-0.04
Index 2 (Phy),5d -1.0%,10d -3.0%,137,497,13.48,6700.64,"2020 Covid, 2024 Ueda, 2025 Tariff",5,-0.01,10,-0.03
Index 2 (Phy),5d -3.0%,10d -4.0%,106,355,13.46,4779.4,"2020 Covid, 2024 Ueda, 2025 Tariff",5,-0.03,10,-0.04
Index 2 (Phy),3d -3.0%,10d -6.0%,83,200,13.4,2679.72,"2020 Covid, 2024 Ueda, 2025 Tariff",3,-0.03,10,-0.06
Index 2 (Phy),3d -3.0%,7d -6.0%,87,208,13.08,2719.99,"2020 Covid, 2024 Ueda, 2025 Tariff",3,-0.03,7,-0.06
Index 2 (Phy),5d -1.0%,7d -2.5%,154,594,13.07,7766.47,"2020 Covid, 2024 Ueda, 2025 Tariff",5,-0.01,7,-0.025
Index 2 (Phy),5d -2.0%,7d -3.0%,138,515,12.54,6457.82,"2020 Covid, 2024 Ueda, 2025 Tariff",5,-0.02,7,-0.03
Index 2 (Phy),3d -2.0%,10d -6.0%,95,240,12.35,2964.24,"2020 Covid, 2024 Ueda, 2025 Tariff",3,-0.02,10,-0.06
Index 2 (Phy),5d -2.0%,10d -4.0%,114,402,12.11,4866.85,"2020 Covid, 2024 Ueda, 2025 Tariff",5,-0.02,10,-0.04
Index 2 (Phy),3d -2.0%,7d -6.0%,92,239,12.07,2883.66,"2020 Covid, 2024 Ueda, 2025 Tariff",3,-0.02,7,-0.06
Index 2 (Phy),5d -1.0%,7d -3.0%,142,548,11.65,6386.9,"2020 Covid, 2024 Ueda, 2025 Tariff",5,-0.01,7,-0.03
Index 2 (Phy),3d -3.0%,7d -8.0%,70,156,11.6,1809.55,"2020 Covid, 2024 Ueda, 2025 Tariff",3,-0.03,7,-0.08
Index 2 (Phy),3d -1.0%,10d -6.0%,102,283,11.48,3247.88,"2020 Covid, 2024 Ueda, 2025 Tariff",3,-0.01,10,-0.06
Index 2 (Phy),3d -3.0%,10d -8.0%,67,158,11.43,1805.45,"2020 Covid, 2024 Ueda, 2025 Tariff",3,-0.03,10,-0.08
Index 2 (Phy),5d -3.0%,7d -4.0%,123,412,11.39,4691.47,"2020 Covid, 2024 Ueda, 2025 Tariff",5,-0.03,7,-0.04
Index 2 (Phy),5d -1.0%,10d -4.0%,118,439,11.17,4905.61,"2020 Covid, 2024 Ueda, 2025 Tariff",5,-0.01,10,-0.04
Index 2 (Phy),3d -1.0%,7d -6.0%,100,276,11.0,3036.85,"2020 Covid, 2024 Ueda, 2025 Tariff",3,-0.01,7,-0.06
Index 2 (Phy),3d -2.0%,7d -8.0%,74,175,10.94,1913.95,"2020 Covid, 2024 Ueda, 2025 Tariff",3,-0.02,7,-0.08
Index 2 (Phy),3d -3.0%,7d -10.0%,55,116,10.6,1230.07,"2020 Covid, 2024 Ueda, 2025 Tariff",3,-0.03,7,-0.1
Index 2 (Phy),3d -2.0%,10d -8.0%,72,186,10.48,1949.78,"2020 Covid, 2024 Ueda, 2025 Tariff",3,-0.02,10,-0.08
Index 2 (Phy),5d -2.0%,7d -4.0%,127,452,10.37,4685.41,"2020 Covid, 2024 Ueda, 2025 Tariff",5,-0.02,7,-0.04
Index 2 (Phy),5d -3.0%,10d -6.0%,86,286,10.24,2928.92,"2020 Covid, 2024 Ueda, 2025 Tariff",5,-0.03,10,-0.06
Index 2 (Phy),3d -2.0%,7d -10.0%,59,127,10.16,1290.87,"2020 Covid, 2024 Ueda, 2025 Tariff",3,-0.02,7,-0.1
Index 2 (Phy),3d -1.0%,10d -8.0%,76,216,9.89,2135.74,"2020 Covid, 2024 Ueda, 2025 Tariff",3,-0.01,10,-0.08
Index 2 (Phy),3d -1.0%,7d -8.0%,75,200,9.86,1971.98,"2020 Covid, 2024 Ueda, 2025 Tariff",3,-0.01,7,-0.08
Index 2 (Phy),3d -1.0%,7d -10.0%,62,138,9.84,1358.07,"2020 Covid, 2024 Ueda, 2025 Tariff",3,-0.01,7,-0.1
Index 2 (Phy),3d -3.0%,10d -10.0%,53,128,9.83,1258.57,"2020 Covid, 2024 Ueda, 2025 Tariff",3,-0.03,10,-0.1
Index 2 (Phy),5d -1.0%,7d -4.0%,125,468,9.83,4602.69,"2020 Covid, 2024 Ueda, 2025 Tariff",5,-0.01,7,-0.04
Index 2 (Phy),5d -2.0%,10d -6.0%,88,310,9.48,2938.45,"2020 Covid, 2024 Ueda, 2025 Tariff",5,-0.02,10,-0.06
Index 2 (Phy),5d -3.0%,7d -6.0%,94,306,9.18,2810.19,"2020 Covid, 2024 Ueda, 2025 Tariff",5,-0.03,7,-0.06
Index 2 (Phy),3d -2.0%,10d -10.0%,55,147,9.11,1338.92,"2020 Covid, 2024 Ueda, 2025 Tariff",3,-0.02,10,-0.1
Index 2 (Phy),5d -3.0%,10d -8.0%,68,226,8.87,2003.51,"2020 Covid, 2024 Ueda, 2025 Tariff",5,-0.03,10,-0.08
Index 2 (Phy),5d -1.0%,10d -6.0%,91,332,8.85,2939.03,"2020 Covid, 2024 Ueda, 2025 Tariff",5,-0.01,10,-0.06
Index 2 (Phy),3d -1.0%,10d -10.0%,58,168,8.68,1458.84,"2020 Covid, 2024 Ueda, 2025 Tariff",3,-0.01,10,-0.1
Index 2 (Phy),5d -2.0%,7d -6.0%,98,324,8.67,2810.68,"2020 Covid, 2024 Ueda, 2025 Tariff",5,-0.02,7,-0.06
Index 2 (Phy),5d -3.0%,7d -8.0%,71,220,8.43,1854.76,"2020 Covid, 2024 Ueda, 2025 Tariff",5,-0.03,7,-0.08
Index 2 (Phy),5d -2.0%,10d -8.0%,69,241,8.35,2012.89,"2020 Covid, 2024 Ueda, 2025 Tariff",5,-0.02,10,-0.08
Index 2 (Phy),5d -1.0%,7d -6.0%,97,332,8.32,2763.36,"2020 Covid, 2024 Ueda, 2025 Tariff",5,-0.01,7,-0.06
Index 2 (Phy),5d -2.0%,7d -10.0%,61,161,8.22,1323.27,"2020 Covid, 2024 Ueda, 2025 Tariff",5,-0.02,7,-0.1
Index 2 (Phy),5d -3.0%,7d -10.0%,60,159,8.18,1300.98,"2020 Covid, 2024 Ueda, 2025 Tariff",5,-0.03,7,-0.1
Index 2 (Phy),5d -1.0%,7d -10.0%,61,162,8.15,1319.67,"2020 Covid, 2024 Ueda, 2025 Tariff",5,-0.01,7,-0.1
Index 2 (Phy),5d -2.0%,7d -8.0%,72,228,8.02,1828.44,"2020 Covid, 2024 Ueda, 2025 Tariff",5,-0.02,7,-0.08
Index 2 (Phy),5d -1.0%,10d -8.0%,72,254,7.9,2007.26,"2020 Covid, 2024 Ueda, 2025 Tariff",5,-0.01,10,-0.08
Index 2 (Phy),5d -1.0%,7d -8.0%,70,233,7.73,1801.73,"2020 Covid, 2024 Ueda, 2025 Tariff",5,-0.01,7,-0.08
Index 2 (Phy),5d -3.0%,10d -10.0%,53,182,7.66,1394.53,"2020 Covid, 2024 Ueda, 2025 Tariff",5,-0.03,10,-0.1
Index 2 (Phy),5d -2.0%,10d -10.0%,56,192,7.32,1406.01,"2020 Covid, 2024 Ueda, 2025 Tariff",5,-0.02,10,-0.1
Index 2 (Phy),5d -1.0%,10d -10.0%,56,201,6.87,1381.24,"2020 Covid, 2024 Ueda, 2025 Tariff",5,-0.01,10,-0.1
